,,,@,a,,,,,,Q,,o,o,o,,,,w,B,,?,?,?,
,,ִ,,,,,,@,A,,,,,D,,E,F,,G,H,I,J,K,L,M,,N,O,Ǥ,P,P,Ť,,,Q,R,,S,T,,V,,W,X,,Y,,,Z,[,\,,],^,_,`,,,a,b,c,d,e,f,,,ץ,g,Ͷ,,,,h,h,h,i,j,,m,n,,o,p,,̧,q,r,s,t,,u,v,w,,,x,y,z,Ĩ,{,,Ѻ,,|,,},~,,,,,Ĵ,,,,,,,,,,,,,,,,,,,׾,,,,,,,,,,,,,,,,,,,ȭ,ȭ,˩,,,,,,,,ƴ,ק,ʰ,,,,,,,,,ָ,,,,,,,,,,,,,,,,,,,,Ų,,,,,,,,,,,,,,,,ͦ,,,,Ю,,,,,ͱ,,,,׽,,,,,,,,,,,,,,,,,,,,,,,,,,,,,,,,,,,,,,,i,,,,,,,,,,,,,,,ɨ,,,,,,,,,,,,,,,,,,,Ҵ,,,,,,,,,,,̽,,,,,,,,,,,,,,,,,,,,,,,,,,,,A,B,,C,,D,E,,F,G,H,,,,,I,,,J,i,L,Ҿ,Ҿ,M,N,O,,,R,S,,T,,,U,,V,W,X,Y,Z,,,[,\,,,j,_,`,,a,Ԯ,b,,c,,e,g,k,l,m,n,o,,,,,,,,r,s,,ɦ,t,ҡ,,w,x,y,,,z,,,,,,},~,,,,,,,,,,,,,,,,h,,,,,,,,,,,,,,,,,,,,,,,,,,ˤ,,,ժ,,,,,,,§,i,,,,,,,,,Ħ,,,,,,ֿ,,,,,,,,,,ġ,,,,,,,,,,,,,,,Ʋ,,,,,,,,,,,,,,,,˺,,,,ߤ,,,,,ײ,,,,,,,,,,,,,,,,,׫,,,,,,̢,,,,,ߦ,ӵ,,,°,,,,,,,,,,,ߧ,,,,,Я,,ߨ,,U,,@,B,,,̧,ߪ,,ߩ,,,,,I,J,,,,N,O,,š,,,,,V,W,ߢ,Y,Z,,,ߣ,,,,,,,a,b,c,,,,,h,߫,,,k,l,,£,o,,q,,s,,u,,,ߥ,Я,,,|,},,,,̯,߬,,,,,,,,,߭,,,,̩,,,,Z,Z,,N,,S,,,,K,K,?,?,?,?,?,?,?,?,?,,?,?,?,?,?,?,?,?,?,?,?,?,?,?,?,?,?,?,?,?,?,?,?,,?,?,?,?,?,?,?,?,?,,?,?,?,?,?,?,?,?,?,?,?,?,?,,?,?,?,?,?,?,?,,?,?,?,?,?,?,?,?,?,?,? ,? ,?,?,?,?,?,?,?,?,?,?,?,,?,?,?,?,?,?,?,?,?,?,,,,?,?,?,?,?,?,?,?,?,?,?,?,?,?,?,?,?,?,?,?,?,?,,?,?,?,?,?,?,?,,,?,
T,V,Z,,U,,,,,,,,,{,,,,ˮ,,̩,צ,,,,,[,,Q,,,
,q,w,w,x,ب,,,,,,,,,ð,,ڤ,,N,,׿,g,,,k,[,,,z,T,],,,,,,,z,_,_,_,,,,,,,,,,,,,,,ּ,,,,Ѯ,,,,,,@,A,B,C,E,E,,F,G,H,I,J,,,K,,,L,M,,N,O,P,,Q,,,,R,R,,,S,T,U,,,,V,W,X,Y,Z,[,,\,,ӳ,],^,_,`,,,a,,,b,c,d,e,,f,,g,,h,i,,,j,k,l,m,n,,q,,ʱ,,s,t,u,v,w,,y,,z,{,,|,},,~,,,,,,,,,,,,,,,,,,,,,,,,,,,,,,,,,,,,,,,,,,,,,Ͼ,,,,,,,,,,,,,,,ů,,D,,,,,,,,,,,,,,,,,,,,,,ĺ,,,,,,,,,,,,,,,,,,,,,,,,,,,,,,,,,,,,,,,,,,,,,,,,,,,o,,,,ɹ,,,,,,,,,,,,,,,,,,,,,,o,,,,,,,,,,,,f,f,,,,,,,,,,,,_,_,_,,,,N,N,خ,,Q,Q,,,,V,,,,,,,Ī,Ī,Ī,,̟,Q,Α,z,z,,,я,я,c,,,̣,,,,,,,,,,,,,`,,,϶,϶,n,,,,,,R,³,,,
?,,,,X,,,,,,,,,,,ȯ,,,,,Σ,Σ,,,,,,˾,,,,,,,,,,,,Ů,,,,,ר,ר,ʬ,,ʬ,չ,չ,,{,{,,,,,,,,,,,,D,D,,,,,,Թ,g,g,,,,,ȭ,,,,,,,,,,,,,,,,,,,,,,,,ع,,,,̩,,,,,,,,,,,,,,,b,b,Ϊ,,,Ϊ,Ƭ,,,,,,,,,,,,,,,,,,,,,,,,e,v,,,A,c,c,c,c,u,,,\,,y,Ο,],,,,,^,^,x,,,,j,,,,,e,,,ũ,,,,,,,P,V,,,|,,,,,,,ª,ª,z,Τ,,,,,,,,,Q,Q,,,,,,,n,n,,,,,,?,?,?,?,?,?,
Ŀ,,ð,ð,ð,ð,,,ܨ,,,`,`,`,,,,g,g,g,g,,,,,,,,,,,,Y,,ä,Z,ֱ,[,\,],,,^,_,,`,,a,b,ʡ,c,d,,e,f,,,ü,g,,h,i,j,k,l,m,n,o,p,q,r,s,,,t,u,v,w,,,x,,y,z,{,,|,գ,ѣ,},~,,,,,,,,,,,,,,,,,,,,,,,,,,,,,,,,,,,,,,,,,,,B,C,˯,,,D,,,,E,,F,,,H,I,J,K,L,M,N,,Q,R,S,,T,U,V,,غ,,,W,Y,,,,\,],^,_,,,,Ϲ,`,a,a,a,,,c,d,e,,,h,i,,,l,,,,,,ޫ,ޫ,ޫ,,Ƴ,q,,r,,s,˲,u,u,,,,x,ͫ,,,Z,,|,,,հ,,,,,,,,,,,,,,,,,,,,,,,,,,,,,,,,,,,P,,,,e,e,x,M,M,,,,,,,,,,,,,,\,\,\,,ќ,ќ,,b,b,,,,W,,,,,,,?,?,?,?,?,?,?,?,?,?,?,
,,,b,b,,,,,B,B,,,,,,e,å,,,,,,,F,F,,,,R,,,,
,ا,,,,,,,,,C,v,,ث,,,,,g,g,g,,,,,,,,,,,,,S,S,],],],[,,,,,,,,k,k,,
һ,,@,,A,B,,,,,,,,,,,,,آ,,,,E,,ا,,,,ة,H,I,,,[,,,~,~,,,,,ء,,,,ب,,,ؽ,,,,ͬ,,,,,,,,,,,,,G,G,,,,,,,,,أ,,,,,,,,,,,,,Ƚ,,,,,N,,ǰ,ǰ,ʮ,`,ئ,,,c,c,g,j,j,ش,ӡ,ӡ,,,,,,,,,˾,,ͬ,,,,,,,,ϲ,,,,,b,ج,ج,ج,,,,,,,,,,,l,,,,,ʿ,,,,,,,,,,,,,,,,,G,S,Ů,,,,A,,,,,H,,,r,r,,,,կ,,,,,,ʬ,,ʬ,,,T,T,,L,L,y,,,,,,,,,,,,,,ϣ,,,,,,,D,D,,,,إ,߮,o,r,,u,,,,,,,,,,,,,Ӧ,,,,,Ӧ,,,,,,,,,,O,O,O,,,,,,,,,,,,,,,,,,ʩ,,,,,,,,,,,,,,,,,,,,,,,,,,,,,,,E,E,[,Ի,,,,,,,,,,,,ľ,W,δ,ĩ,,,,,,,,,,ҵ,b,,,,,,,,,,,,ɱ,ĸ,ÿ,ÿ,ë,,,,,,,,,,,,,Ԩ,,,,,,,,,,,,,,,,,,,,Ѭ,Ѭ,Ѭ,,,,,,ţ,,,,,G,G,,S,,,,,V,I,I,,,,,,,η,w,,,,,,C,C,,ű,ű,,,,,,,W,ֱ,h,w,,,,],ʯ,a,,~,~,,y,,,,,M,,M,,,,,,,,,,,,,},,,,,n,n,Å,Å,,,,,,b,b,,,,,,,,,,ܳ,q,q,q,,,,,,,,,,Ȍ,Ȍ,Ȍ,Ѧ,Ѧ,Ѧ,,Ű,Ű,̘,̘,,ʭ,,,|,|,͕,,,ʭ,b,,X,X,ͬ,,,,˥,,Б,Б,,,,,,ҁ,,,,҂,,,,,,ڥ,,,,C,,,,,,,,,,j,j,u,,,׷,׷,׷,׷,K,K,ǲ,ǲ,ǲ,ǲ,b,b,,,,|,,,,,,,,,,,,,G,,,,,,,M,,,,u,u,ª,ª,,n,,,,,,,r,,ҳ,,,,,,,,,,{,{,,ت,ت,l,,,,,,,,,,¹,,,,,,,,,,,,,,?,?,?,
د,,آ,,ؤ,,,P,R,V,,,ر,է,,,Z,Z,Z,ƹ,,,,,,,,,,ϵ,ϵ,,,,,,,,,,,,,,,{,,,,,ذ,ǧ,,,,c,,î,î,,,,,,,,,,,,,,,,,,,,,,,Ϧ,Ϧ,ز,,ʧ,Ů,,,,,,,,,,ʬ,,ʬ,,,,,,,,,,ϣ,˧,ʦ,,,,,,,,,,,,,,,,,,,,,,,,,,,,,,,,,,,,,O,O,O,,,,,,,,,,,,,,,,,,ʩ,,,,,,,,,,,,,,,,,,,,,,,,,,,,,,D,D,,,ҷ,,,,,,,,,,,,,,,,,,,,,,,,,ÿ,ÿ,ë,,,,,,,,,,,,,,Ԩ,,,,,,,,,Ϊ,,,,Ѭ,Ѭ,Ѭ,,,Ϊ,,,Ƭ,,ţ,,,,,,,,,,,,,S,V,I,I,`,`,`,`,,,,,,@,,,,,,,,,,,,Ƥ,Ƥ,,W,ì,ʸ,ʯ,a,,,~,~,,,,,,,,,,,,,,,,,,,,,,,ϵ,ϵ,,,,ϵ,ϵ,,,,,S,,,,,c,c,c,c,n,n,ط,ط,,,,,,,,,,,,Ǘ,Ǘ,Ǘ,,,,,,,,͕,,,Ѫ,Б,Б,,,,,,,,,,,,,,,,,,,,,,,,,,e,e,,,,,,,,,,K,K,,,,,,,,,,,,,,,,,,G,,,,,,u,u,,,n,,ǧ,,,r,r,,,,,,,,,,,,,,l,,,,,,ô,ô,,,,,,,
ح,A,B,,,,آ,,,,F,Ѿ,,,M,N,,,,Z,Ҳ,,,,,,,,,,,,,,,,,,,,,,,,,,,,,,G,,,,,ʮ,`,`,`,,c,c,c,c,c,,j,j,,,,,ج,,,,,,,,,,,,G,,,,,,,,,ר,ר,,ɽ,,,,,,,,˧,ʦ,,,D,D,D,D,,,,,,,,,,,,,,,,,,,,,,,,,,,,,,,,,,,,,,,ҵ,ҵ,,,,,,,,,ֹ,,x,,ĸ,,,,,,Ԩ,,,,צ,,,,,Ϭ,G,G,G,G,,,,,,,Ƥ,,,ֱ,h,o,w,,,,,,,,,,,,,,,,,,,,,,,d,,,,,,,,c,c,,,,,,,,,,,,,,,,,,,ܳ,ܳ,,,,,,,,,,,,,,b,X,,,ќ,ќ,ќ,ќ,҂,҂,,,,,,,,,,,,,,,,,,,e,Y,u,b,b,,,,,,,,,,,,,,,,,,M,,ª,ª,,,,,,,Τ,,,,,,,{,{,,,¹,¹,,,,,,,,,,,,?,?,?,
ؼ,,,,Ѿ,Ѿ,R,,,,S,Z,,,,,,,,,,,,,,,,,,,ڢ,,,F,G,,,,,,,m,,,,,,,,,,,ض,,,,M,ѹ,Ϧ,ҹ,ҹ,̫,ʧ,,,,,,,,,,,,,{,{,{,{,,,,,,߮,,,,,,,,,Ľ,,,,,,,,,,,Ի,,,,X,X,,,,ĸ,ĸ,ص,ˮ,,,,,,,,,,,Ϊ,Ϊ,,,,Ϊ,Ϊ,Ȯ,,,,,,,,,T,,f,,i,},@,,,,,,,,,ü,غ,غ,,,,,,,ϰ,,,,,,,V,V,V,V,,,,,,,,,,,,Ѫ,,,,,,,,,,,ڥ,ڮ,,,X,,,,,އ,ۡ,G,,,,,,,,,,,,,,,,,,,,,,,,,,,,r,,ҳ,ͷ,ͷ,ض,,,,,Q,Q,Q,Q,,,,,,,,,,,,,,,,,,,,,,,,,,,,,,,,,,,
,,,,,,,,
С,,,,,ϵ,,,g,g,g,ԭ,,,,,,,,n,,,,ѧ,,,,,,,,,,,,,,,,,,N,Ӧ,,Ľ,Ӧ,,,ľ,W,,,,ɱ,,,,,,,,,,h,,ʾ,,,ϵ,ϵ,ϵ,Ф,Ф,,,,̟,̟,,,,,,,,,϶,϶,϶,϶,,,,`,,,?,,
ڢ,ͤ,,,,,,,,,,,,,,ڣ,,ԩ,ڤ,,,,,,,,,,,,,w,Ӫ,Ӫ,Ӫ,,,Q,,,,n,,,,,,,,,Ҽ,,,,,,,ѧ,,,д,,N,,,,,,,,,,,,,,,,,,,,v,b,,,,,,,,,,,,,,,,,,,,ӫ,ӫ,ӫ,Ӫ,,g,,ǣ,,,,Ө,,,,,,,F,,],ޫ,ޫ,ޫ,,,,,M,,,,,,,,e,,,,,G,G,\,\,,,g,˴,˴,r,ް,ް,ް,M,M,M,ө,ө,ө,Ι,ө,C,,,,,,,,,,h,,,,,,,ũ,߄,߄,,,,,,,a,z,V,c,,,,ݺ,ݺ,ݺ,ݺ,,,`,,,,?,
,,,,,,,,,,,,,,,,,,,,,,,,,,,,,,,,,,,,,,,,,,_,,,,,,,,,,,,,,,,,,,,,,,,,,,`,,,,,,,,,,,,,,,,,,,,,,,,,,,,,,,,,,,
Ң,,,,,,i,,,,,,,,,,,,,,,,,,,,,,,,,,,,,,,,,,,,,,,,,,,,,,
,,,,
,c,,ɵ,ɵ,,,,,,,,,,,,,,,,,,,,,,Q,,,,,f,f,,O,,,,,,C,ŋ,Ƞ,Ƞ,,x,,,,,,,¡,¡,,A,i,,,?,?,?,
,,,,,,,,׿,߲,ռ,,,k,,,O,,,,,,,,,,,,,C,h,x,±,,C,C,,¬,,c,\,\,\,,,,,,,,,,,,,G,±,,,
,,,,,,,,,,,,,,,,,,,,,,,ӝ,,,,,,,,,,\,,,,,,,,,,,,բ,,,,,,,,,,,,,,,,,,,,,,,,,,,,,,,,,,,,,,,,,,,,,,,,^,,,`,],,,,,,,,,,_,,,a,,,,,,,,,,,
,٦,٦,n,n,ȡ,,,,,,,,,Ҿ,,,,,,,,,,,,,,,k,,Ү,Ү,,l,m,n,,o,,p,,r,s,,t,u,v,,w,x,y,z,z,,|,,Ƹ,Ƹ,,,,,,,,,,,,,,,,,,,,,,,,,ְ,,,,,,,,,^,,,,,,,,,,
,,,,,,,ؽ,,,,ͤ,,,,,ͬ,٩,٩,,,,,,,,,,,,T,,,,,߲,ռ,,,,,,,߶,ߵ,ֻ,,,,,,,̨,߳,ʷ,,,,˾,,߷,,,,,,,,,,ߺ,,,,,ͬ,,,,,,,,,,߹,,,,,,,,,,,,,,,,,,,,,˱,,֨,,,,,,,,,,,,,,ѽ,,,,,,,,,,,߻,,,,,,߾,,,,,,,,,,,,,,,,,,,,,,ζ,,,,,,,,,,,,,,,,,,,,,,,զ,,,,,,,,,,,,,,,,,,,,@,@,,,A,,,,,,ҧ,,B,,C,,D,,,E,F,G,,H,I,,,,K,,,Ʒ,Ʒ,Ʒ,,L,,M,,,,,,,,N,O,,,,,,,,S,Ա,U,V,W,Ŷ,,,,,X,Y,,,,,[,\,,,],^,_,_,`,a,b,,c,,,d,e,,f,g,,i,,,j,,,l,m,n,o,,,,,p,,,r,,t,u,v,w,z,,},~,,,,,,,,,Ψ,,,,,,,,,,,,,,,,,,,,,,,,,,,,,,,,,,,,,,,,,,,,,,,,,,|,,ơ,ɶ,,,,ž,,,,,,,,,,,,,,,,ι,,,,,,,,,,,,,,?,,,,,,,,,,,,,,,ϲ,ϲ,,,,,,,,,,,,,,,,,Ӵ,,,,,,,,,,,,,,,,,,Ǻ,,,y,,,,,,,,,,ɤ,,,,,,,,,,,,,,,,,,,,,,,,,,,,,,,,,,,,,,,,,,,,,,,,,,̾,,,,B,C,,,,E,F,G,,Ż,J,,M,N,,,P,,,Q,R,S,,T,,Х,,,Y,,,,Х,ߴ,,,,,˻,_,߼,,,,b,b,b,,d,,e,g,h,i,,k,k,l,m,n,o,p,,,,ҭ,q,r,r,r,r,s,t,,,,w,,,,,,,,|,|,|,,~,,,,,,,,,,,ج,ج,ج,ج,ج,ج,ج,ج,,,,,,,,,,,,,,,,,,,,,,,,,,,,,,,,,,,,,,,,,,,,,,,,,,,,,,,,߿,,,,,,,,,,,,,,,,,,,,,,,,,,,,,,,,,,,,,߽,,,,,,,,,,,,,,,,,,,,,,,,,,,,,,,r,,,,,,ˡ,,,,,,,,,,,,Ҿ,,,,,,,,,,̨,,,I,,,,,,̨,̾,,,,,,,,,,d,d,,,,,h,w,},,֪,ʯ,,c,,,g,,,,,,,,,,,,@,V,,,,O,Â,Â,I,,̨,,,Ǟ,Ǟ,Ǟ,Ҷ,,ʂ,ʂ,ʂ,^,^,^,,,,,,b,,,ͬ,Ԭ,,,,҂,,,ڥ,ӽ,,,,,,,,Ӯ,,,,,,,,{,{,{,{,߄,߄,,@,@,Ǧ,Ǧ,,,,,ֻ,,q,q,q,q,q,q,,,,,,,̨,ι,,,,,,,ت,,,,,,,,,,,,,,,,,?,,,,?,?,?,?,?,?,?,,?,?,?,?,?,?,?,?,?,?,?,,?,?,,?,?,?,,?,?,,,,?,,,,,,?,?,?,,
,,,,,X,,W,W,W,N,v,v,,E,E,,,V,V,,,,{,{,,,,X,X,,,,
,,,,,,,,,,,,,,,,,,,,\,,,,,,,,,,,,,,,,,,,,,,,,,ѻ,,,,Ÿ,,,_,,,,,,,,,ԧ,,,^,,,,,,,,,Ѽ,,,ݺ,ݺ,ݺ,,,,,,,,,a,,,,,,,,,,,,,,,,b,,,,,,,,,,,,,,,,,,,,,,,,,,,,,,,,,,,,,,e,,,ȵ,,,,,g,,,,,,,d,,,,,,,,,,,,f,,,,,,,,,j,,,,,,,,,,,i,,,,,,,,,,],,,ݺ,,,l,,,,,,m,n,,,,,,,o,,,,,,,,,,k,,,,,,,,,,p,Ÿ,,,,,,,,,,,,,,,,,,,h,,,,,,,,,,,,,,,ӥ,ӥ,ӥ,,,,`,,,,,,,,,r,,,,,,,,s,,,,,,,,,t,,,,,,,q,,
,,ؤ,F,F,F,{,,,,,,,,,,,,,,,,,,,@,A,B,C,,,,,,,,,Ѯ,,,f,f,,,,,,,b,b,,,,Ǘ,Ǘ,Ǘ,,,,,,,,,,,,,,
ҹ,Ҵ,Ҵ,Ҵ,,Һ,Һ,|,Ҹ,Ҹ,,
,,,,,,,,ͤ,,,,,,,,,,,,,,,,,,,,ҹ,ҹ,,,],,,,,z,,,,,,,,,,,,,,,,ع,,,,,,,},Ķ,,,,,,g,,,,,,,,^,^,^,^,^,,[,,V,,,,Ӻ,,,{,,,?,?,?,
,ʲ,,,,,,,,,,,,,,,,,,,Ǫ,,,,,,,,,,,,,,,,,,,,,,,,,,,,,,,,,,,,,,,,,,,,,,,,,,,,,,,,٣,,,,,,,,,,٤,,,,,,,,,,,,,,,,λ,,ס,,,,,,,٢,,,,,,١,,,,Ӷ,,,,,,,,,,,,,,,٦,٥,,,,,٬,ٮ,,٫,٫,ʹ,,,,٩,ֶ,,,,٨,,,,,٪,,٧,,,ٰ,,,,,,,,,,,,,A,B,,,C,D,E,F,,,I,J,K,L,M,N,O,P,,Q,ٶ,,,ٴ,T,U,V,W,,X,Y,Z,,,ٸ,[,,,^,_,,,`,ٵ,a,ٷ,,ٹ,,,c,d,,,i,,j,ٽ,,l,m,n,ٺ,,p,q,r,,s,,u,,w,x,y,,{,g,~,,,,,,,,,,,,,,,,,,,,,,,,,,ٻ,,,پ,,,,,,,,,,,,,,,ֵ,,,,,,,,,,,,,ΰ,,,ټ,,,ƫ,,,,,,,,,,,,,ͣ,,,,,,,,,,,,,,,,,,,,,,,,,,,ż,͵,͵,,,,α,,,,,,,,,,,,,,,,,,,,,,,,,,,,,,,,,,,,Ӷ,,,,,,,ծ,,,,,,ɵ,,@,,B,,D,,F,G,,,J,K,M,,O,,Q,,R,,T,,V,,,,Y,Z,Z,,[,\,],α,,`,a,b,c,,,,ɮ,ɮ,,,h,,,,,j,,,,,p,q,,s,Ƨ,t,u,,w,,y,ٯ,{,,,,,,,,,,ɵ,,,,,,ٱ,٭,,,,,,,,,,,,,,,,,,,,,,,,,,,,,,,,,,,ٳ,,,,,ٲ,,,,|,,ҹ,,,,,,,,,,,,,,,,ӥ,,
Ϧ,c,ɵ,ɵ,,,,,,,,,,,,,,,,,,ҹ,ҹ,,,,,,,,,,,Թ,Թ,,,,,,,,,,Q,,,,,,,,,x,,ϫ,ϫ,,f,f,,,O,,,,,,,,,C,,ŋ,V,V,V,Ƞ,,x,,,߈,߈,,,,,,,,,¡,¡,,,A,i,,,,?,?,?,
,g,g,,,,,,,,\,,,,,,,,,,,,,,,,,,,,,,,,,,,,,,,,,
,,,,,,,,¦,j,ʺ,,,,,,,,,,,,,,Ԩ,,,o,p,q,r,s,t,,,u,v,x,z,{,|,},~,,,,,,,,,,,,,,ճ,,,,,,,,,,,,,,,,,,,,,,,,,,,,,,,,@,B,,D,,E,,,,,G,,,H,I,J,K,L,L,M,N,,,,,,Q,,,,,,T,U,V,V,W,X,Y,,,,\,],,Ŵ,b,,d,,f,,,,,K,,,,,,,,,,,,,,,,,,?,?,
,,,,,,,h,h,,,,,,,,,,,,,,,s,,,,,,,,,t,,r,u,u,,,,,v,,,,Ʈ,,,,,,,,,,,,,
,,,,,,,,,,F,G,G,H,J,K,N,O,,,Q,,,,ߴ,,,],ƾ,,,,X,,,,,,,,,ͺ,,a,p,,,,L,L,L,,,,,,Ǧ,Ǧ,,,,,,,,,,,,,,,,
V,,,,,,,,ʷ,,ض,,,{,ϣ,ϣ,t,t,,,,,,,,,ɱ,ɱ,±,,س,س,ˬ,ˬ,ˬ,ˬ,,c,,,,,,,,,,Ɯ,Ɯ,Ɯ,,ۧ,ۧ,,,ض,,,,,Q,,±,
,,m,m,R,R,R,,,ѩ,~,,,,,,,,,,,,,,,,,,,,,,,,,ù,,,,,,,,,,,,,,,,˪,,ϼ,,,@,,C,D,E,,G,H,,,I,J,K,L,,M,¶,N,P,Q,R,,,S,,,W,X,Y,,[,[,,,b,,,,,ù,?,?,
,,I,,,,ͬ,,,,,Ƚ,,,,,,ð,,,,,,,ͬ,,,,,,,,,,ۼ,,,,,,ӹ,ӹ,ӹ,,,,c,,,,,,,,,b,,c,,,,,,,,,,,^,^,^,b,ͬ,ҁ,,,,,,,,,,ت,,,
,,,,,ܰ,
ʿ,,,,ϲ,,,,,,׳,,,,,,,Ҽ,,,,,,־,,b,,,,,,,],M,e,,Ι,C,,־,m,,,?,?,?,?,
ʬ,,,H,ˢ,ˢ,,,,,ξ,,,,,β,,,ƨ,,,,,,,,ʺ,,,м,,,չ,,,,,,,,,,,,,,,,,,,,,,o,,Ϭ,¬,ü,,,,q,q,q,,ހ,ހ,ǲ,ǲ,,,,\,?,
,,,
ܳ,F,,,,,Ӫ,,,Z,,,,,,,,,,,,,,,,ӫ,Ӫ,,,,,Ө,,,,,ޫ,,,,,L,,,g,,,I,J,ܴ,,ܵ,K,L,M,ܹ,N,O,P,,Q,ܷ,,R,,ܺ,ܶ,S,ܻ,â,T,V,W,,ܽ,X,Y,֥,Z,,[,,\,],,,^,ܸ,,,ܾ,,,,о,,,_,,,`,a,,ܿ,,b,d,ѿ,,e,f,g,h,,i,k,,l,Է,,,̦,,m,,,n,o,,,p,,,,,q,,,,,,s,t,u,ɻ,v,w,x,,y,Ӣ,z,{,,|,},,~,ƀ,,Ɓ,Ƃ,ƃ,Ƅ,ƅ,,ï,,,é,,,,,Ɔ,Ƈ,,ƈ,Ƌ,ƌ,,ƍ,Ǝ,,ݢ,,Ə,Ɛ,Ƒ,ƒ,Ɠ,Ɣ,,Ɩ,Ɨ,Ƙ,,ƙ,ƚ,ã,,,ƛ,,Ɯ,,,,,,ƞ,,,,,Ơ,A,,B,C,,D,E,,F,,H,I,J,K,,,,L,,M,N,O,T,U,V,W,X,Y,Z,,ݩ,[,\,ݶ,ݱ,ݴ,],^,_,`,a,a,b,c,,d,e,,g,h,i,ɯ,j,k,l,,ݮ,m,n,,,ݷ,q,r,,ݯ,s,ݸ,t,ݬ,u,,w,x,y,z,,ݹ,ݳ,ݭ,Ī,Ī,|,},~,ǀ,ݨ,ç,ǃ,Ǆ,,ݼ,ǅ,ǆ,,,ǈ,,ǉ,Ǌ,,ǋ,,ǌ,Ǎ,,Ǐ,ǐ,,,,Ǔ,ݿ,ǔ,,,,,Ǘ,,,,ǘ,,ǚ,ݾ,Ǜ,ǜ,ǝ,,,Ǟ,ǟ,Ǡ,@,,,,B,C,D,E,F,,G,H,I,,J,K,L,ݽ,M,,,N,,,,Q,,,,Ƽ,ή,,S,T,U,V,,X,Y,,\,,_,c,d,e,g,h,,j,,k,l,R,ݫ,o,p,,q,r,s,,,t,u,v,w,x,y,z,{,,|,},Ȁ,ȁ,Ȃ,ȃ,Ȅ,ȅ,Ȇ,,ݦ,Ȉ,ȉ,Ȋ,ȋ,,Ȍ,,,,,,Ȏ,ȏ,Ȑ,,ȑ,,ݧ,ȓ,έ,ȕ,Ȗ,,ȗ,,,,Ș,ҩ,Ț,ț,,Ȝ,,,,,Ȟ,,,Ƞ,@,A,B,D,,E,F,H,,,,L,M,,ݻ,ݪ,C,R,,S,,T,U,,V,ݰ,X,Y,,Z,[,\,],^,_,`,a,b,c,d,e,f,g,h,,,,j,,,,,,m,,,o,,ݥ,,q,r,,s,t,u,v,,,,x,,y,z,,,,,|,},,~,ɂ,Ƀ,Ɇ,ɇ,ɉ,Ɋ,,Ɍ,ɍ,,Ɏ,,,,ɑ,,ɓ,,ɕ,ɖ,ɗ,ɘ,ə,,,ޤ,,,ޣ,ɞ,ɟ,ɠ,@,,,C,D,E,ɀ,G,H,,I,,K,L,,M,,,P,,,R,ε,S,S,T,U,,,W,,X,,Z,,,],^,_,,,,,,,d,,f,g,i,,ޢ,,,m,ݡ,o,ެ,,q,,,ަ,,,t,u,v,,y,,ݤ,ܿ,},ݵ,ޡ,ʀ,,ޥ,ʂ,ʂ,ʃ,ʄ,,ީ,,ʇ,,,ʊ,ި,ʋ,,,ާ,,,ʐ,,,ʓ,ʔ,,ʘ,ʙ,,ʛ,޳,ު,ޮ,ʜ,,,ʞ,ʕ,,@,A,,޶,,ޱ,,D,,,ܼ,,I,޲,J,L,M,Ǿ,O,,,Q,S,,Ѧ,޵,U,V,ݲ,,Y,Z,[,ޯ,\,,^,ް,,н,޹,ҩ,,޹,,,?,,,h,޸,i,޷,,k,l,m,n,o,,޻,q,r,s,,u,,w,x,y,z,,ݣ,,,},~,ź,,˂,,˄,,,޼,,ˈ,ˉ,ˊ,ˋ,ˌ,,,ҩ,ˏ,,ˑ,,޴,,˕,˖,˗,,˙,˛,,,,x,,,,B,C,,޽,[,F,G,H,ޭ,޿,«,,,M,,ƻ,P,`,R,,Ģ,,,,Y,Z,[,޺,],^,,,,,c,,e,,g,h,޾,i,,j,,,n,o,,r,s,t,,v,w,պ,x,,,,{,|,,~,̀,́,,̅,̆,,,,,,̊,̋,ө,ө,,,,,,,,,,,,,,q,,,,,,ݺ,ݺ,,,
,,,,[,[,,,,,,,,,,,ѥ,,
,,,,
֪,u,u,,,,,,֩,,~,
ʸ,,,,,,,,,E,,,,,,֪,@,,A,,B,,,,,D,E,,E,s,,ҽ,,,,,,
,,,,,q,,,,,,,L,,^,^,,,,,,,a,a,,,,Ɩ,Ɩ,Ɩ,ͅ,D,E,E,,,m,F,ޖ,ޖ,a,,,w,w,,
,,,,,,,,,,,,,i,ɳ,ɳ,,,,Q,ʡ,,ɰ,,k,},ɴ,ɴ,,,,e,,,`,,,,,ȸ,,,
,,,,,,,,,,,,,,,l,,,,,,,,,џ,џ,,,r,,,[,
,,,׼,׼,,Ψ,|,|,,Q,,y,,,,`,,,Ω,Ω,,,,,,,,׵,,,,׼,׼,,,},,,,,c,c,^,^,y,y,,,,,,m,m,ά,ά,,,,,ß,ß,,,,^,,,,պ,պ,պ,V,˭,˭,,,,,׉,׉,,,,,c,W,׶,׶,,,,a,,,c,ȸ,,,d,e,,,,,,,,,g,,,Ӻ,,i,i,,k,l,l,,n,q,q,q,,t,v,w,,,z,z,{,{,{,|,|,|,,[,[,,,s,,,,ӥ,ӥ,
x,,
ԭ,,,,,,ܫ,,g,Դ,Դ,x,x,,,,~,V,V,V,,,,o,Ը,,
,,,[,[,,,,,ش,Σ,Σ,y,,,z,{,|,},~,,,,,,,,,,,,ԭ,ԭ,,,,,,,,,,,,,,,,,ѹ,ѹ,ѹ,,V,,,,,,,,,,,,,,,,,,,,,,,,s,,,,k,,̿,צ,,,,,,,,,,L,L,Y,Y,,̌,],f,ф,х,J,,ղ,,,,,,,,,,,,,,,,,,,,,,,,,?,?,?,
,,,,,,,ԭ,F,,,G,H,g,,,,,,,,,,,,_,X,Ȫ,,,,,,,,m,m,n,o,,p,,q,,,,r,s,,,,t,u,,v,w,x,,y,,{,|,,,~,~,~,,,,,,,,,,,,,,,,k,,,,,,,`,`,,t,t,t,,,,В,В,{,ò,,,,,,,
Ȫ,ԭ,,,,~,,,,,,,,,,,,ț,ț,ț,,,
,,,,,,W,,g,,,,,,,ֹ,,,
,F,,,,,Ӫ,,,Z,,,,,,,,,,,,,,ӫ,,,,,,,,ޫ,,,,L,,,I,J,ܴ,,ܵ,K,L,M,ܹ,N,O,P,,Q,ܷ,,R,,ܺ,ܶ,S,ܻ,â,T,V,W,,ܽ,X,Y,֥,Z,,[,,\,],,,^,ܸ,,,ܾ,,,,о,,,_,,,`,a,,ܿ,,b,d,ѿ,,e,f,g,h,,i,k,,l,Է,,,̦,,m,,,n,o,,,p,,,,,q,,,,,,s,t,u,ɻ,v,w,x,,y,Ӣ,z,{,,|,},,~,ƀ,,Ɓ,Ƃ,ƃ,Ƅ,ƅ,,ï,,,é,,,,,Ɔ,Ƈ,,ƈ,Ƌ,ƌ,,ƍ,Ǝ,,ݢ,,Ə,Ɛ,Ƒ,ƒ,Ɠ,Ɣ,,Ɩ,Ɨ,Ƙ,,ƙ,ƚ,ã,,,ƛ,,Ɯ,,,,,,ƞ,,,,,Ơ,A,,B,C,,D,E,,F,,H,I,J,K,,,,L,,M,N,O,T,U,V,W,X,Y,Z,,ݩ,[,\,ݶ,ݱ,ݴ,],^,_,`,a,a,b,c,,d,e,,g,h,i,ɯ,j,k,l,,ݮ,m,n,,,ݷ,q,r,,ݯ,s,ݸ,t,ݬ,u,,w,x,y,z,,ݹ,ݳ,ݭ,Ī,|,},~,ǀ,ݨ,ç,ǃ,Ǆ,,ݼ,ǅ,ǆ,,,ǈ,,ǉ,Ǌ,,,ǋ,,ǌ,Ǎ,,Ǐ,ǐ,,,,Ǔ,ݿ,ǔ,,,,,Ǘ,,,,ǘ,,ǚ,ݾ,Ǜ,ǜ,ǝ,,,Ǟ,ǟ,Ǡ,@,,,,B,C,D,E,F,,G,H,I,,J,K,L,ݽ,M,,,N,,,,Q,,,,Ƽ,ή,,S,T,U,V,,X,Y,,\,,_,c,d,e,g,h,,j,,k,l,R,ݫ,o,p,,q,r,s,,,t,u,v,w,x,y,z,{,,|,},Ȁ,ȁ,Ȃ,ȃ,Ȅ,ȅ,Ȇ,,ݦ,Ȉ,ȉ,Ȋ,ȋ,,Ȍ,,,,,,Ȏ,ȏ,Ȑ,,ȑ,,ݧ,ȓ,έ,ȕ,Ȗ,,ȗ,,,,Ș,ҩ,Ț,ț,,Ȝ,,,,,Ȟ,,,,Ƞ,@,A,B,D,,E,F,H,,,,L,M,,ݻ,ݪ,C,R,,S,,T,U,,V,ݰ,X,Y,,Z,[,\,],^,^,_,`,a,b,c,d,e,f,g,h,,,,j,,,,,,m,,,o,,ݥ,,q,r,,s,t,u,v,,,,x,,y,z,,,,,|,},,~,ɂ,Ƀ,Ɇ,ɇ,ɉ,Ɋ,,Ɍ,ɍ,,Ɏ,,,,ɑ,,ɓ,,ɕ,ɖ,ɗ,ɘ,ə,,,ޤ,,,ޣ,ɞ,ɟ,ɠ,@,,,C,D,E,ɀ,G,H,,I,,K,L,,M,,,P,,,R,ε,S,S,T,U,,,W,,X,,Z,,,],^,_,,,,,,,d,,f,g,i,,ޢ,,,m,ݡ,o,ެ,,q,,,ަ,,,t,u,v,,y,,ݤ,ܿ,},ݵ,ޡ,ʀ,,ޥ,ʂ,ʂ,ʃ,ʄ,,ީ,,ʇ,,,ʊ,ި,ʋ,,,ާ,,,ʐ,,,ʓ,ʔ,,ʘ,ʙ,,ʛ,޳,ު,ޮ,ʜ,,,ʞ,ʕ,,@,A,,޶,,ޱ,,D,,,ܼ,,I,޲,J,L,M,Ǿ,O,,,Q,S,,Ѧ,޵,U,V,ݲ,,Y,Z,[,ޯ,\,,^,ް,,н,޹,ҩ,,޹,,,?,,,h,޸,i,޷,,k,l,m,n,o,,޻,q,r,s,,u,,w,x,y,z,,ݣ,,,},~,ź,,˂,,˄,,,޼,,ˈ,ˉ,ˊ,ˋ,ˌ,,,ҩ,ˏ,,ˑ,,޴,,˕,˖,˗,,˙,˛,,,,x,,,,B,C,,޽,[,F,G,H,ޭ,޿,«,,,M,,ƻ,P,`,R,,Ģ,,,,Y,Z,[,޺,],^,,,,,c,,e,,g,h,޾,i,,j,,,n,o,,r,s,t,,v,w,պ,x,,,,{,|,,~,̀,́,,̅,̆,,,,̊,̋,ө,,,,,,,,,,q,,,,,,,ݺ,
,r,,,,,,,,,,,,,
,,,,,,,,,,,,,,,
ɽ,I,_,_,,,,,,,,,N,N,,,,h,,,,s,,,,,,,,,,,,,,,,,,,,,,,,,,,,,,,,,,,,,,,,,,,,,,,@,,,A,B,C,,D,,E,,F,,,G,H,I,L,,M,P,Q,R,S,T,T,,U,V,W,X,Y,Z,,[,\,],^,_,`,,a,b,c,d,e,f,g,h,j,,,,l,m,,n,o,,p,q,r,,t,,v,w,x,y,,z,Ͽ,|,},~,,,,,,,,,,,,,,,,,,,,,,,,,,,,,,,,,,,,,,,,,,,,,,,,,,,,,,,,,,,,,,,,,,Ƕ,,,,,,,,,,,,,,,,,,,,,,,,,,,,,,,,,,,,,,,,,,,,,,,,,,,,,ո,,,,,,,,,,,,,,,,,,,,,,,,,,,,,,@,i,B,,D,E,,N,,,,,L,L,,N,O,P,R,,T,,,,,Y,,,,,^,,`,,,,,e,f,,,,Ρ,j,k,l,,,o,,,,,u,,,,,|,΢,΢,,,,,,,,,,C,E,r,,,,,,,,,,,~,~,,,̿,̿,,,,,,i,,,,Z,,H,H,,ӗ,ڨ,ڨ,,,,,,],,,{,{,ߍ,ߍ,,,,,,,,
,,
ľ,,,,,,,,,,,,,,,,,կ,կ,,,,,,,,,,,δ,ĩ,,,X,,Z,[,,,,],^,_,`,a,,b,c,e,f,,g,,ɼ,h,i,,j,,,,,k,,l,m,,n,o,p,q,r,,s,,,,x,,y,z,,{,,,,,,},,~,,,,,,,,,,,,,,,,,,,,,,,,,,,,,,,,,,,ö,ö,,,֦,,,,,,,,,,,,,,,,,,,,,,,,,,,,,,,,,,,ĳ,,,Ⱦ,Ⱦ,Ⱦ,,,,,,,,,,,,,,,,,,,,,,,,,,,,,,,,դ,,,,,,,,,,,,,,,,,˨,,,,,,,,,,,,,,,У,,,,,,,,,,,,,,,,,,,,,,,,,,,,,,,,,,,Φ,,,,,,,,,,,,ͩ,ɣ,ɣ,,,,,,,,,,,ӣ,ջ,,E,F,G,H,I,,K,L,,M,Ͱ,,N,O,P,Q,R,S,T,,V,,,W,,X,÷,,Y,Z,,\,],^,_,`,,,a,a,b,c,,d,e,,,,h,i,j,,,,m,,,p,,q,r,,,t,u,v,w,,x,,е,y,,,,,{,,,|,},~,,,,,,,,,,,,,,,,,,,,,,,,,,,,,,,,,,,,,,,ջ,,,,,,ɭ,ɭ,ɭ,ɭ,,,,,,,,,,,,,,,,,,,,,,,,,,,,ֲ,׵,,,,,,,,,,,,,,,,Ҭ,,,,,,,,,,,,,,,,,,,,,,,,,,,,,,,,,,,,,Ш,,,,,,,,,,,,@,A,,B,C,,D,,F,G,,,H,,J,K,,L,M,N,,P,,,,Q,R,,,,,Y,,\,],^,_,`,a,,,b,,,d,e,,,g,h,i,j,k,,,m,n,o,,ե,p,,,,r,,,,,,u,,X,w,,x,y,ȶ,z,{,,,},~,,,,,,,,,,,,,,,,ǹ,,,,,,,,,,,,,,,,,,,,,,,,,,,,,,,,,,,,,,,,,,,,׮,,,,,,,,,,,,,,,,,¥,,,,,,,,,,,,,,,ģ,,,,,,f,,Ȩ,,,,D,,,,,,,,,,,,,,,,,,,,,,,,,,,,,,,,,,,,,,,,,@,A,B,,D,,,F,G,H,I,,,L,,N,O,,,R,W,X,X,,,],^,̴,,,,,ϭ,b,c,d,e,,g,,i,j,,,,m,,o,p,,q,r,s,,,v,w,,,,,,|,,~,,,,,,,,,,,,,,,,,,,,,,,,,,,,,,,,,,,,,,,,,,,,,,,,,,,,,,,,,,,,,,,,,,,,,,,,,,,,ӣ,,,,,,,,,,,,,,,,,Ȩ,,,,,,,,,,,,,,,ɱ,,,T,,,,,,,,,,,,,,,,,,l,l,,,,,,\,\,,,,,,,,A,A,A,,,,},k,޻,G,H,H,H,,],Ζ,ϛ,ϛ,,,,,,,,,ǹ,,,,,,,},,,,?,
,,,,,,,,,,,H,,,,,,,,,,@,@,@,W,,,s,,,,,,,,,,ڬ,ڬ,ڜ,,,,,,,,,,
,,,,,,,,,,
Ұ,S,,
,ٵ,ٵ,,,,,,,,,,t,,,Ѭ,Ѭ,,,,,ͯ,,,,,,Ń,V,V,V,,,Ұ,,,,,,,,,a,a,?,?,
,,,,,,,,,,,T,T,U,ì,,,,^,^,^,ԥ,Ұ,Ԥ,,
,,,,,,,,,,,,,,B,,D,,,,,,,,,,,,,,,,,,,,,,,,,,,,,,,,,,,,,,,,,Ȳ,,,,,,,,,,,,,,,,,,,,,̿,,,,,,,,,,,ը,,,,,,,,,,,,,,,,,,,,,,,,,,,,,@,A,B,C,D,E,F,,ϩ,J,K,L,M,,O,P,,Q,,R,S,T,,V,W,Y,Z,[,\,],^,,,,a,b,c,d,,,,h,,,,j,k,l,m,n,p,q,r,s,,t,u,v,w,x,y,{,,,,,,|,},~,,Ȼ,,,,,,,,,,,,,,,,,,,,,,,,,,,,,,,,,,ɷ,,,,,ú,,,,,,,,,,,,?,,,,,,,,,ɿ,,,,,,,Ϩ,,,,,,,,Ѭ,,,ӫ,ӫ,ӫ,,,,,,,,,,,,,,,,,,,,,,,,,,,,,,G,,,,,,,,,,,,,,,,,ȼ,,,,,,,,,,,,,,,,,,,,,,,,D,D,D,D,E,,,,,],,,,,,,P,Q,R,,,,U,,W,,Y,,,^,,_,`,,b,,d,e,,g,,,j,,,,,n,o,,˸,,¯,u,,x,y,y,y,,{,},~,~,,,,,,,,,,,,,,,,,x,M,M,,,k,,,,,o,,,b,,g,g,g,,պ,,h,h,,ߘ,ߘ,,,,g,g,,,,,,,a,,T,?,?,?,?,?,,
R,,Q,,~,~,,,ɡ,,,,,,,,,,,,ȯ,ǰ,ǰ,,,,,,,,ϲ,ɥ,,,,,,,,n,,,,,,,,,,s,,,,,,,ƽ,,,,,,g,g,ȭ,,,,Y,,,,,,,,,,ҵ,,,b,b,,,Ѭ,Ѭ,,,,,s,,,g,,,v,,,,,,,,ǎ,,Ο,ќ,j,,,[,,,,[,,,,,,,,,,,,,,,,,,,,,,,,,,,,n,n,,
,,X,,,,ʲ,,,,,,,,,,,,,,,,,,,,,,,,,,,,,Ǫ,,,,,,,,,,,,,,,,,,,,,,,,,,,,,,,,,,,,,,,,,,,,,,,,,,,,,,,,,,,,,,٣,,,,,,,,,,,٤,,,,,,,,,,,,,,,,λ,,ס,,,,,,,٢,,,,,,,,١,,,,Ӷ,,,,,,,,,,,,,,,٦,٥,,,,,٬,ٮ,,٫,٫,ʹ,,,,٩,ֶ,,,,٨,,,,,٪,,٧,,,ٰ,,,,,,,,,,,,,,A,B,,,C,D,E,F,G,G,,,I,J,K,L,M,N,O,P,,Q,ٶ,,,ٴ,T,U,V,W,,X,Y,Z,,,,,ٸ,[,,,^,_,,,`,ٵ,a,ٷ,,,,ٹ,,,c,d,,,i,,j,ٽ,,l,m,n,ٺ,,,p,q,r,,s,,u,,w,x,y,,{,g,,,~,,,,,,,,,,,,,,,,,,,,,,,,,,,,,ٻ,,,پ,,,,,,,,,,,,,,,ֵ,,,,,,,,,,,,,ΰ,,,ټ,,,ƫ,,,,,,,,,,,,,ͣ,,,,,,,,,,,,,,,,,,,,,,,,,,,ż,͵,͵,,,,α,,,,,,,,,,,,,,,,,,,,,,,,ɡ,,,,,,,,,,,,,,Ӷ,,,,,,,,ծ,,,,,,ɵ,,@,,B,,D,,F,F,G,,,J,K,,M,,O,,Q,,R,,T,,V,,,,Y,Z,Z,,[,\,],α,,`,a,b,c,,,,ɮ,ɮ,,,h,,,,,j,k,,,,,p,q,,s,Ƨ,t,u,,w,,y,ٯ,{,,,,,,,,,,ɵ,,,,,,ٱ,٭,,,,,,,,,,,,,,,,,,,,,,,,,,,,,,,,,,ٳ,,,,,ٲ,,,,ȫ,,,,,,,,,,,,,,,|,,,,,ҹ,,,,,,,,,,,,,,,,,,,,,,,,r,r,r,,,,,,,,,,_,,,,,,,,ľ,Z,o,Ƿ,h,,,,,,,,l,l,,,,,,,y,,,,C,C,,,p,,,,,,e,,,,,,,,,r,,,,,,,,,U,U,,,o,_,_,_,,,,ǎ,y,y,y,y,y,y,y,y,y,y,y,y,,Α,,,,А,А,,,,,,,,,,,,,ڙ,,u,,,,,,,,,,,,,,,,,,,,ʳ,,,,,,,,,ӥ,,,,,,
,B,B,,,,,,,,,ݣ,ݣ,ݣ,,
,,,,,,,,,,N,,,,
,,,,,,,,,,,ұ,,,,,,,,,,,,,׼,ڡ,,,,,,,,,,,,,@,,B,,,D,,,,,,,,,,,,,,,,,,,,׼,,,,,,,{,,,,
Ƿ,,,,Ƕ,z,,,,X,X,X,},,,,,,,,,,,,,@,A,B,,C,D,E,F,,G,,,H,I,,,,K,L,M,N,,P,,Ъ,Q,Ǹ,R,S,,,V,ŷ,X,Y,,[,,],,_,,,b,,,,f,,,,G,,,,,,T,a,,,,,,
,ʤ,ʤ,,,,,,,,,,,},,,,,,,,,{,{,_,`,`,c,,d,e,e,,,Ɓ,Ɓ,Ɓ,ި,ި,ި,,,,¡,¡,¡,¡,,,
ţ,,,,,,,,,,Ĳ,,ĵ,,,,,,,,,,,,,,,,,,,,,,,,,,,,ǣ,,,Ϭ,,,,,,,,,,,,,,,,,,,,,,,,,,,,,,,,,,,,,,,,,,,,,,,,,,,c,,w,,,?,
,,,,,q,,,,,,ǎ,Ǟ,Ǟ,Ǟ,,,M,,,,,
Զ,?,?,?,
,Ѳ,,۔,w,,y,{,|,,},,Ѹ,~,ހ,ӭ,ނ,ބ,ӭ,ޅ,,ކ,,,,އ,ވ,ފ,ދ,,ތ,,,,ލ,,,,ގ,,,ޏ,,ސ,ޓ,,,ޖ,ޗ,׷,׷,ޘ,ޙ,,,,,,,ޚ,ޛ,,ޜ,,ޝ,͸,,,ޞ,;,,,,ޠ,,ͨ,,A,,,,,,,,C,ޒ,,G,H,I,,,,,K,,N,O,,,P,,Զ,,S,,,ޔ,,,V,,X,,Y,Z,,],,,,,,,,,Υ,,ң,c,,ѷ,e,,g,Զ,i,,,ǲ,,l,,,,o,p,,,q,,,,u,,,Ǩ,ѡ,y,,{,,,},,,,,,,߁,߂,,,߄,,,߆,߇,߈,,,
Ԫ,,,,\,\,԰,_,j,,,t,,,,,e,e,e,,z,,,,,\,,,D,ܾ,ܾ,ܾ,W,c,,Զ,Զ,ߖ,ߖ,,,,,,,
,E,E,,
,,,,,,,,ܨ,ܨ,,,,,,,,,,,,,,,,,,ʩ,,,,,,,,,,,,,,,,,,,,,,,,,,,,,,,,,,,,,P,X,,,,P,P,,,,,,f,p,p,,,,,X,,,,,K,,,ړ,,,,,,,,,,,,
,,Ȑ,Ȑ,Ȑ,M,M,M,
,,,,ۻ,w,,,,,,Ѱ,,,,,¼,,,,,,ɨ,ɨ,ɨ,v,,,,,,,,,,,,,,,,,,,,,,,ۻ,,,,,¼,¼,,ѩ,,V,,
,ؽ,,,,,,,T,Ȱ,Ȱ,,,,,,,,,,,,,,,ȡ,,,,,,,,u,w,̾,,,,,,,,,,ū,,,,s,,,,,,|,|,,,,Ϸ,,,,,,,,,,,֧,,,,,,,,ɣ,ɣ,ɣ,v,},Ȩ,,,Ȩ,̾,,,,,,,,,,,,,,,,d,d,,,,l,l,,,Ƥ,ӯ,,,,,,,,,,,,,,,ʥ,,,,,,O,,,,,^,M,M,M,,,,,,,,,,,,,,,,,,,,,,,,,,,,,,,,,,,,,˫,˫,,,,,,Ԧ,V,,,,,,,,,,,,?,?,
,,,,,,,,,,,H,,,,,,,,,,@,@,@,W,,,s,,,,,,,,,,ڬ,ڬ,ڜ,,,,,,,,,,
ʮ,F,q,q,,x,ʲ,ʲ,,,,ɡ,,,,Ƚ,,,,_,ǧ,`,a,,,,,b,,,׿,Э,,g,g,h,,,,,,,,,ʿ,,,,,,,,,,,,,,,,,,,֧,,,,,,,ľ,ľ,X,,,L,o,o,,,֭,֭,,ţ,,,,,,,,,,,,F,o,,w,,ֱ,,,o,,,,,Z,Z,u,V,V,\,,Ҷ,y,y,y,y,Α,Α,,,,,,,,,,,,,,y,y,P,,,,,,,,,,,n,n,,ǧ,,,,,,,,,,,,,,,,
,,|,
,r,r,,m,p,,,ظ,,?,?,?,?,
,ٻ,ٻ,,,,,,,x,,,,,,,,,,,,,,,|,,,,,,,,,,,ݼ,ݼ,ݼ,,,,,W,W,,,k,,l,m,,,,j,,,,
,,,,r,r,ě,ě,
,,,,,,,,,,,,,,,,,,,,,,,N,N,P,P,,,,,,,,,,,,,,,,,,,,,,,,,,,,,,,,,,,,,A,B,,C,C,,F,,G,,H,,,,L,,,,,,,Q,,͂,я,я,ڼ,ڼ,p,̣,,,,,,,`,,,,
,y,y,,,,,,,,,,,,,,n,,,X,X,,,B,,,,B,@,,,,,,,Ü,Ü,,,,R,,,,n,,,,x,
,,ִ,,,,@,A,,,,,D,,E,F,,G,H,I,J,K,L,M,,N,O,Ǥ,P,Ť,,Q,R,S,T,,V,,W,X,,Y,,,Z,[,\,,],^,_,`,,a,b,c,d,e,f,,,ץ,g,Ͷ,,,,i,j,,m,n,,o,p,,̧,q,r,s,t,u,v,w,,x,y,z,Ĩ,{,,Ѻ,,|,,},~,,,,,Ĵ,,,,,,,,,,,,,,,,׾,,,,,,,,,,,,,,˩,,,,,,,,ƴ,ק,ʰ,,,,,,,ָ,,,,,,,,,,,,,,,,Ų,,,,,,,,,,,,,,,ͦ,,,,Ю,,,,,ͱ,,,,׽,,,,,,,,,,,,,,,,,,,,,,,,,,,,,,,,,,,,,,,,,,,,,,,,ɨ,,,,,,,,,,,,,,,,,Ҵ,,,,,,,,,,,̽,,,,,,,,,,,,,,,,,,,,,A,B,,,D,E,,F,G,H,,,,,I,,J,L,Ҿ,M,N,O,,,R,S,,T,,,U,,V,W,X,Z,,,\,,,j,_,,a,Ԯ,b,,c,,e,g,k,l,m,n,o,,,,,,,r,s,,ɦ,t,ҡ,,w,x,y,,,z,,,,,,},~,,,,,,,,,,,,,,h,,,,,,,,,,,,,,,,,,,,,ˤ,,,ժ,,,,,,,§,,,,,,,,,,,,,,,,,,,,,,,,,,,,,Ʋ,,,,,,,,,,,,˺,,,,ߤ,,,,,ײ,,,,,,,,,,,,,,,,׫,,,,,̢,,,,,ߦ,ӵ,,,°,,,,,,,,,ߧ,,,,,,ߨ,U,,@,B,,,̧,ߪ,,ߩ,,I,J,,,N,O,,š,,,,,V,W,ߢ,Y,Z,,,,,,a,b,c,,,,h,߫,,,k,l,,£,o,,q,,s,u,,,ߥ,Я,,,|,},,,̯,߬,,,,,,,,,߭,,,,,,N,,,,,,,,,,,?,?,?,?,?,?,?,?,,?,?,?,?,?,?,?,?,?,?,?,?,?,?,?,?,?,?,?,?,,?,?,?,?,?,?,?,?,?,?,,?,?,?,?,?,?,?,?,?,?,,?,?,?,?,?,?,,?,?,?,?,?,?,?,?,?,?,? ,? ,?,?,?,?,?,?,?,?,?,?,?,?,?,?,?,?,?,?,?,?,?,,,,?,?,?,?,?,?,?,?,?,?,?,?,?,?,?,?,?,?,?,?,?,?,,?,?,?,?,?,?,,,?,
,,,,,,,,,,ǝ,ǝ,ǝ,o,,,
,E,,,,,
x,,,,,,ع,,,,,,,,^,^,V,,,,,,
,,,,,,,,,S,ȥ,,,,,,ɥ,,,L,M,N,O,P,,,,,S,,,,,,,,T,U,,V,W,X,,[,\,,],ַ,^,,_,`,a,b,b,,c,d,,e,,̮,,,,f,g,h,i,j,k,l,,m,n,n,,o,̹,p,,,ƺ,,q,,r,,s,t,u,,v,v,w,,,x,y,z,,,{,|,},~,,,,,,,,,,,,,,,,,,,,,,,,,,,,,,,,,ԫ,,,,,,,,,,,,,,,,,,,,,,,,,,,,,,,,,,,,,,,,,,,,,,,,,,,,,,,,,,,ܤ,,,,,,,,,,,,,,ܣ,,,ܥ,,,,,,,,,ܡ,,ܢ,,,,,,,,,,ܧ,ܧ,,,,,ܦ,,ܩ,,,,,,,,,,,,,,,,,,,,,,,,,,,,,@,A,D,E,ܨ,ܨ,F,H,I,J,,,,,,,,,,,M,,O,,,Q,,R,S,Ϳ,,U,V,W,X,Y,,Z,Z,Z,[,,,^,,ܪ,,a,b,,d,,ܫ,e,f,g,i,,k,l,,n,,,ǵ,r,s,,u,,,ܯ,ܬ,w,,x,,,z,{,ܭ,,,~,,,,,,,Ĺ,,,,,,ܮ,׹,,,,,,,,,,,,ī,,,,,,,,,,,,,,,,,,ǽ,,,,,,,,,,,,̳,,,,,,,,,,,,ѹ,,,,,,,,,̳,,,¢,,,,,,,,,,,,,,,,,,,R,R,,,,,,D,D,D,,,,,a,,,,U,,ǽ,ĵ,ĵ,,,,,,,,,,,,,,,̳,̳,g,,S,,,ʥ,,,u,,\,r,ܶ,ܶ,ܶ,ׯ,ׯ,y,͚,,,Ԭ,,,,,,[,,,P,,,,,,,,,|,,,,,,?,?,
,,,k,w,,,A,A,ʢ,,f,,,,~,^,^,^,^,,,J,J,,,?,
,,,
,D,,,,,,m,m,,,,,֣,
,,,,ȫ,,,N,,ج,,,,,,,,Ū,,,,,,[,[,[,,,,,,,,,,,,,,T,U,V,,W,X,Y,Z,[,\,,],^,a,b,c,,d,e,,f,g,h,i,j,k,k,k,,l,õ,m,n,,,p,q,r,,s,t,,u,v,w,x,,y,,z,{,|,},~,,,,,,,,,,,,,,,,,,,,,,,,,,,,,,,,,,,,,,,,,,,,,@,A,B,C,,E,,G,H,I,J,,K,,L,M,,,,,N,O,P,T,U,V,,X,Y,Z,,,,\,^,_,`,,a,b,,,,d,,e,,f,,g,,h,i,,,,,,j,k,l,l,,o,p,,r,,s,u,v,w,x,y,z,{,,},,,,,,`,,,,,,,,,,,,ɪ,,,,,,,,,,,,,,,,o,,,,,,,,,,,,D,,E,F,G,,H,,,,,K,M,,,O,Q,,S,U,V,W,,,,,Z,[,Q,],,`,,,,b,,d,,f,,,i,j,,_,,o,,,r,,,v,w,x,,z,,,,,,,,,,,,,,,,,,,,,,,,,^,,ނ,ނ,,,,,,,,,
,,M,,է,[,,,,,,,,ب,Щ,,,,,,,Ԫ,,,,,ð,,,,,,,,,,,,,,,,ר,ר,,,,,ӹ,ӹ,ӹ,p,r,,,,,,,,,,,,,,,,,,,,ĸ,,,,,,Ϭ,Ϭ,,,w,w,Ŀ,ʾ,,,,,,,,,,,V,V,,,,,y,y,y,,,f,,,ф,х,ќ,ќ,ќ,ќ,ќ,ќ,J,,,,ڥ,,,,,,,Y,,,,,,,,,,,,,Τ,,,
A,Ƭ,,h,
,,,,,,,,ݥ,ݥ,ݥ,ѷ,ѷ,
,,,,,,,,,,I,I,,,,,,,,,Т,Т,J,,K,L,,,,,N,N,N,,,,Q,,,,,,,V,ѧ,X,,,Z,,,,,,,,,j,,,,I,f,,,,T,T,T,I,_,,K,K,,,?,
ȥ,,,,,,,,ȴ,,,,,l,,,|,|,|,A,,,,,,,,,,,,,,l,l,Р,Р,,,r,r,,,,
,,,,,,,,,,,,,ȥ,,,,,,,̨,,E,,,,,,,M,,,,,,,,,,,,,,,,,̨,L,,,,̨,ع,,,Ĳ,,,r,,,,,b,,c,˽,,,,m,,,,,,̨,,^,^,,,O,,,V,,,,M,,̨,,,,ô,ô,?,?,
,,,,,,,,,,,,,,,V,V,,,
,,,
,,Ϳ,Ϳ,,,Ⱦ,,,,,,͡,֭,,,,,,,,,,,ϫ,,,,,,,,,,Ѵ,,,,,,D,E,F,,,,G,I,J,K,̭,L,,M,,N,,O,P,R,,,T,,,,,,W,,,Z,[,,,\,û,,,^,a,ɳ,b,,c,e,f,,,ĭ,i,,,k,,,,l,n,o,,,p,,,,մ,,q,s,t,й,,u,v,w,,x,,y,z,{,,|,},,,,,,~,,,,,,,,,,,,,,,ע,,,,,,,,,,Ӿ,,,,,,,,,,,,,,,,,,,,,,,ϴ,,,,,,,,,,,,,,,,,,,,,,,,,,,,,,,,,,,,Ǣ,,,,,,,,,,,,,,,,,,,,,,,,,,,,,,,,,,,,,,,,ԡ,,,,,,,,,,,,,,Ϳ,,,,,,,,,,,,,,,,,,,,,,,,,,,,,,,,Һ,,,,,,,,,,,,,,,,,,,,,,,,,,@,A,B,C,,E,F,G,,H,,,,J,K,,,L,,,M,N,,,,P,R,,,,,U,V,,W,,X,Ԩ,,,,,ǳ,,],_,`,a,b,c,d,,e,f,,,k,m,n,,,q,,r,s,,h,,,,,v,w,x,,,μ,z,,{,|,,},,~,,,,,,,,,,,,,,,,,,,,,,,,,,,,,,,,,,,,,,,տ,,,,,,,,,,,,ӿ,,,,,,,,,,,,,,,,,,,,,,,,,,,,Դ,,,,,,,,,,,,,,,,,,,,,,,,,Ϫ,,,,,,,,,,,,,,,,,,ʪ,,,,,,,,,,,,,,,,,,,,,,,,,,,,,,,,,,,,,@,A,,C,,D,E,,,H,,J,K,,,,Ư,P,Q,R,,S,T,,,V,W,,Y,©,,,,,,],^,_,,Ž,b,b,c,d,,f,Į,,,,,j,l,m,,,,,,o,,p,,,,r,s,,t,,v,w,x,y,z,,|,~,,,,,,,,,,,,,,,,,,,,Ǳ,,º,,,,,,,,,,,,,,,̶,,,,,,,,,,,,,,,,,ɬ,,,,,,,,,,,,,,,V,,,,,,,,,,,,,,,,,,,,,,,,,,,,,,,,,,,,,,,,,,,,,,,Ũ,,,,,,,,,,,,,m,ʪ,,,Ţ,,,,,,,,,,,,,,,B,C,D,,F,G,,,Ϋ,,J,Ǳ,,,,,,,,,Y,Y,,,,,,,,к,,,,d,e,f,,h,,,j,,m,,,,,,q,,s,,,,,,x,y,,,,,,,,,,,,,,,,,,,,,,,,,,,,,,,,,,,,,,,,,,,̲,,,,,,,,,,,,,,,,,Q,,ã,ã,Ƽ,Ƽ,,,M,M,˓,,ע,,,,,,?,
,,,|,,,,,,,,,,,,,,,,,,,,,,,,,,,,,,,,,,,,,,,,,,,,,,,,,,,,
,a,a,a,
,,,,,,,,,?,
,G,,,,W,,X,Y,,Z,[,,,\,],,,_,`,a,b,c,d,,,,,ɾ,,j,,l,,,n,,ˢ,,,,,,,r,s,,u,v,,,ǰ,ɲ,z,,|,,,i,~,,,,,,,,,,,,,,ʣ,,,,,,ʣ,,,,,,,,,,,,,,,,,,,,,,,,,,,,,,,,,,,,,,,,,e,e,m,m,,,,,H,,,,,,,ȗ,ȗ,,,,G,,,,,,p,?,?,?,?,
,,,,,,,,,æ,,,,,,,,,,,,,,,,,,,,,,,,,,,,@,A,,B,C,,,D,E,F,,,,G,,I,,J,K,,L,,,,,,O,P,Q,,R,T,U,V,,W,^,,,_,`,,b,c,d,e,f,,g,i,j,k,m,n,o,p,q,r,s,t,,,v,,,,,w,ǡ,x,y,},~,,,,,,,,,,,,,,,,,,,,,,,,,,,,,,,,,,,,,,,,,,,,,,,,,,,,,,,,,,,,,ϧ,,,Ω,,,,,,,,,,,,,,,,,,,,,,,,,,,,,,,,,,,,,,,,,,,,,,,,,,,,,,,,,,,,,,,,A,,,,,D,F,G,H,,,,N,P,,R,S,,,V,,,,[,,,,,,,b,,,?,g,g,i,l,m,,r,,u,,,,y,,,},,~,,,,,,,,,,,,,,,,,,,,,,,,,,,,,,,,,,,,,,и,,,,,,,,,,,,,,,,,,,ų,,,,,,,,,,,,,,,,,,,,,,,,,,,
