?,2鱼立,
~,2功夫,
锾,2钅爰,
,2口鞋,
,2口N,
,2口母,
q,2鸟,
赍,5十人人冖贝,
,2鱼尉,
,2鱼巴,
H,2谷奚,
觉,3小冖见,
,2龠录,
,2龠禾,
,2龠欠,
龠,6人一口口口,
龟,2刀电,
龛,2合龙,
龚,2龙共,
庞,2广龙,
,2厂龙,
龌,2齿屋,
龋,2齿禹,
龉,2齿吾,
龊,2齿足,
龈,2齿艮,
龄,2齿令,
龆,2齿召,
龃,2齿且,
龇,2齿此,
龅,2齿包,
,2齿斤,
,2齿乞,
龀,2齿匕,
T,2R火,
Q,2鼻囊,
O,2鼻,
N,2鼻邕,
M,2鼻臭,
齄,2鼻查,
L,2鼻曷,
K,2鼻隶,
J,2鼻句,
I,2鼻瓦,
H,2鼻兀,
,2虫歇,
鼽,2鼻九,
G,2鼻L,
鼻,3自田廾,
F,2鼠,
E,2鼠兼,
鼷,2鼠奚,
P,3贝贝贝,
C,2鼠突,
鼹,2鼠z,
A,2鼠,
,2鼠青,
鼯,2鼠吾,
,2鼠廷,
,2鼠寺,
鼬,2鼠由,
,2鼠石,
,2鼠生,
,2鼠句,
,2鼠冬,
d,2角氏,
,2鼠召,
,2鼠,
,2鼠文,
,2鼠犬,
鼢,2鼠分,
鼠,8臼?丶丶?丶丶T,
计,2讠十,
,2鼓堂,
,2Y鼓,
,2鼓蚤,
,3鼓处口,
鼙,2鼓卑,
鼗,2兆鼓,
,3十艹鼓,
,2鼓冬,
,3十豆攴,
鼓,3十豆支,
,2才鼎,
,2卜鼎,
鼐,2乃鼎,
,2冖鼎,
鼎,3目爿片,
,2辟w,
鼍,5口口田一黾,2b电,
,2敝w,
,2敖w,
,2冥w,
~,2知w,
诓,2讠匡,
讽,2讠风,
,2旦黾,
y,2Pw,
鼋,2元黾,
黾,2口电,
黼,2黹甫,
黻,2黹,
v,2黹分,
黹,4业八巾八,
黩,2黑卖,
d,2厌黑,
r,2黑詹,
p,2『,
黪,2黑参,
n,4月R夫黑,3月?黑,
m,2黑真,
黯,2黑音,
l,2黑甚,
k,2黑m,
j,2黑咸,
i,2黑,
党,2尚儿,3小冖兄,
黧,4禾勹丿黑,
g,2黑宛,
黥,2黑京,
f,2黑奄,
e,2黑每,
黢,2黑,
黠,2黑吉,
黟,2黑多,
点,2占灬,
黝,2黑幼,
黜,2黑出,
黛,2代黑,
b,2黑甘,
a,3里犬灬,
默,2黑犬,
`,2黑屯,
_,2黑,
^,2黑,
黔,2黑今,
],2黑戈,
黑,4口R土灬,
[,2黍离,
黏,2黍占,
黎,3黍勹丿,5禾勹丿人水,
黍,3禾人水,
黉,3小冖黄,
Y,2黄光,
j,2豕,
财,2贝才,
V,2S占,
U,2S,
T,2S今,
黄,4艹一田八,
Q,2麻香,
P,2麻取,
麾,2麻毛,
么,2丿厶,
M,2麦面,
L,2麦,
G,2,
@,2D,
麸,2麦夫,
,2少,
,2乞,
麦,2丰夂,
,3鹿鹿鹿,
,2鹿,
,2鹿,
,2鹿,
麟,2鹿,
,2鹿章,
麝,2鹿射,
,2鹿栗,
,2鹿弭,
,2鹿,
,2鹿咸,
,2鹿香,
丽,5一冂丶冂丶,
,2鹿京,
,2鹿,
讦,2讠干,
麓,2林鹿,
麒,2鹿其,
,2鹿,
,2鹿吝,
,2鹿君,
,2鹿辰,
,4鹿亠厶川,2鹿?,
,2鹿,
麋,2鹿米,
诚,2讠成,
,3干干鹿,
麈,2鹿主,
麇,2鹿禾,
诵,2讠甬,
,2鹿包,
,2分鹿,
,2鹿灬,
麂,2鹿几,
,2刀鹿,
~,2鹿匕,
鹿,6广^一丨丨比,
鹾,2卤差,
鹂,2丽鸟,
鹳,2q鸟,
鹦,2婴鸟,
t,2霜鸟,
鸬,2卢鸟,
s,2蒙鸟,
鹱,2鸟^,
识,2讠只,
`,3小冖鸟,
鹭,2路鸟,
鹰,4广亻隹鸟,3广鸟,
鹬,2鸟,3矛啄,
鹇,2闲鸟,
鹫,2就鸟,
鹩,2鸟,
h,2肃鸟,
鹪,2焦鸟,
鸶,2丝鸟,
鹨,2鸟,
鸷,2执鸟,
p,2∧,
鹧,2庶鸟,
m,2晨B,
k,2皋B,
k,2鬲鸟,
鹞,3缶鸟,
o,2益鸟,
鹚,2兹鸟,
鹣,2兼鸟,
鹘,2骨鸟,
n,2脊鸟,
m,2留鸟,
鹤,2a鸟,
l,2翁鸟,
],2仓鸟,
鹜,2鸟,
鹛,2眉鸟,
i,2曷鸟,
鹗,2@鸟,
鹕,2胡鸟,
j,2秋鸟,
鹋,2苗鸟,
f,2庚鸟,
鹑,2享鸟,
鸫,2东鸟,
d,2昆鸟,
g,2宛鸟,
鹊,2昔鸟,
鹎,2卑鸟,
e,2`鸟,
鹏,2朋鸟,
鹌,2奄鸟,
鹉,2武鸟,
鹄,2告鸟,
鹅,2我鸟,
鹈,2弟鸟,
鹁,2孛鸟,
鹆,2谷鸟,
鹃,2O鸟,
c,2巫乌,
鸾,2亦鸟,
b,2舟鸟,
鸺,2休鸟,
鸽,2合鸟,
鸿,3氵工鸟,
a,2行鸟,
鸹,2舌鸟,
鸸,2而鸟,
莺,3艹冖鸟,
鸭,2甲鸟,
鸯,2央鸟,
鸪,2古鸟,
},2旦B,
鸱,2氐鸟,
^,2号鸟,
鸲,2句鸟,
鸳,2砟,
鸵,2鸟它,
_,2令鸟,
l,2B代,
鸥,2区鸟,
鸦,2牙鸟,
鸨,3匕十鸟,2?鸟,
鸩,2苣,
鸢,2弋鸟,
鸣,2口鸟,
\,2尸鸟,
凤,2几又,
J,2刀B,
G,2卜B,
鸠,2九鸟,
凫,5勹丶丨?几,
鸟,4勹丶?一,
鲡,2鱼丽,
鲈,2鱼卢,
,2鱼^,
鲚,2鱼齐,
,2鱼尝,
鳢,2鱼N,
,2鱼感,
@,2鱼,
,2鱼会,
鲎,3小冖鱼,5丶丶丶冖鱼,
鲼,2鱼贲,
鲟,2鱼寻,
鳞,2鱼,
鳜,2鱼厥,
鳝,2鱼善,
鳟,2鱼尊,
鳖,2鱼敝,
鳕,2鱼雪,
鳙,2鱼庸,
,4鱼丬夕寸,
鳔,2鱼票,
,2鱼,
鳗,2鱼曼,
鲣,2鱼坚,
鲦,2鱼条,
鳘,2敏鱼,
鳓,2鱼勒,
鳌,2敖鱼,
鲢,2鱼连,
鳍,2鱼耆,
鳐,3鱼缶,
鳎,3鱼日羽,
鳏,2鱼o,
鲥,2鱼时,
鳋,2鱼蚤,
,2鱼旁,
,2鱼兼,
,2鱼j,
鳃,2鱼思,
鳆,2鱼复,
鳄,2鱼@,
诃,2讠可,
鳅,2鱼秋,
鳇,2鱼皇,
鲽,2鱼,
,2鱼畏,
诠,2讠全,
n,2角羊,
,2虫蜀,
鲫,2鱼即,
,2鱼是,
,2鱼参,
鲺,2鱼虱,
鲶,2鱼念,
鲰,2鱼取,
鲮,2鱼,
鲸,2鱼京,
鲳,2鱼昌,
鲲,2鱼昆,
鲵,2鱼,
鲱,2鱼非,
鲴,2鱼固,
鲷,2鱼周,
鲭,2鱼青,
,2鱼其,
鲻,2鱼甾,
,2鱼甬,
鲨,2沙鱼,
鲤,2鱼里,
鲩,2鱼完,
鲠,2鱼更,
鲧,2鱼系,
,2羊鱼,
,2鱼君,
,2鱼考,
街,2行圭,3行土土,
鲑,2鱼圭,
鲛,2鱼交,
鲔,2鱼有,
,2鱼同,
鲕,2鱼而,
鲞,3R夫鱼,2?鱼,
,2鱼后,
鲒,2鱼吉,
,2鱼乍,
鲋,2鱼付,
鲍,2鱼包,
鲐,2鱼台,
鲇,2鱼占,
,2鱼皮,
,2鱼由,
,2鱼白,
鲆,2鱼平,
鲅,2鱼,
,2鱼可,
鱿,2鱼尤,
鲂,2鱼方,
鲁,2鱼日,
,2鱼屯,
,2鱼己,
诰,2讠告,
鱼,3刀田一,
},2鬼u,
魇,2厌鬼,
z,2鬼,
魔,2麻鬼,
w,2鬼票,
魑,2鬼离,
v,2鬼兼,
魏,2委鬼,
魉,2鬼两,
魍,2鬼罔,
t,2鬼其,
s,2鬼隹,
r,2鬼或,
魈,2鬼肖,
q,2鬼,
魅,2鬼未,
魄,2白鬼,
魃,2鬼,
魂,2云鬼,
魁,2鬼斗,
p,2鬼介,
o,2鬼斤,
n,2鬼支,
m,2鬼彡,
鬼,4丶田儿厶,
鬻,2粥鬲,
l,4鬲丿一[,
h,2规鬲,
j,2鬲留,
i,4鬲凶八夂,
g,3鬲,
f,2鬲甫,
e,2虍鬲,
鬲,5一口冂丫一,
c,4≮③酸,
鬯,7凵V丶丶丶丶匕,
阄,2门龟,
_,2Y敢,
阋,2门,
X,2髟襄,
鬣,2髟{,
鬓,2髟宾,
鬟,2髟,
Q,10髟囗V?丶丶?丶丶T,
O,2髟曾,
N,2髟曼,
L,2髟,
K,2髟莫,
J,2髟逢,
I,2髟真,
H,2髟廉,
G,2髟耆,
鬏,2髟秋,
F,2髟剌,
D,3髟左月,
C,2髟前,
S,2斌贝,
A,4髟凶八夂,
鬈,2髟卷,
@,2髟争,
,2髟朋,
,2髟易,
鬃,2髟宗,
,2髟兵,
,2髟利,
,2髟弟,
,2髟沙,
,2髟肖,
,2髟坐,
,2髟,
髻,2髟吉,
,2髟舌,
髹,2髟休,
,2髟曲,
,2髟耳,
,2髟而,
,2髟弗,
,2髟矛,
,2髟皮,
,2髟包,
,3髟髟世,
髯,2髟冉,
髭,2髟此,
,2髟丕,
髫,2髟召,
,2髟友,
,2髟D,
,2髟元,
,2髟,
髦,2髟毛,
,2髟,
,2髟木,
,2髟方,
,2髟也,
髡,2髟兀,
,2髟几,
髟,2M彡,
,2高,
~,2高N,
},2高尻,
谏,2讠柬,
{,6亠丨一一丨,
高,4亠口冂口,
髋,2骨宽,
髌,2骨宾,
体,2亻本,
髓,2骨U,
髅,2骨娄,
s,2骨,
r,2骨麻,
q,2骨差,
p,2骨a,
o,2骨旁,
n,2骨高,
m,2骨,
G,2奚谷,
k,2骨禺,
髂,2骨客,
髁,2骨果,
髀,2骨卑,
赞,3先先贝,
i,2骨更,
h,2骨妥,
骼,2骨各,
g,2骨夸,
骺,2骨后,
f,2骨交,
骸,2骨亥,
骷,2骨古,
骶,2骨氐,
e,2骨本,
d,2骨此,
c,2骨皮,
b,2骨包,
骱,2骨介,
骰,2骨殳,
`,2骨戈,
_,2骨干,
^,2骨于,
],2骨丸,
\,2骨凡,
[,2骨九,
T,3马马马,
骊,2马丽,
Z,2马霜,
骥,2马冀,
骧,2马襄,
驴,2马户,
骤,2马聚,
驿,4马又二丨,
惊,2忄京,
骄,2马乔,
骣,2马孱,
骁,2马尧,
X,2马肃,
骅,2马华,
骢,2马,
骠,2马票,
骖,2马参,
骜,2敖马,
蓦,2莫马,
b,2行干,
骟,2马扇,
骚,2马蚤,
驺,2马刍,
],3血厂氏,2血?,
骝,2马留,
骘,2陟马,
骞,4马宀井大,
Y,2马癸,
骗,2马扁,
骛,2马,
验,2马佥,
骐,2马其,
骑,2马奇,
骒,2马果,
贯,2母贝,
骓,2马隹,
U,2马辛,
骋,2马j,3马由@,
骏,2马,
V,4马彐冖又,
骆,2马各,
S,2马因,
骇,2马亥,
骈,2马并,
驷,2马四,
驼,2马它,
驶,2马史,
驸,2马付,
骀,2马台,
驾,2加马,
驵,2马且,
驹,2马句,
驽,2奴马,
驻,2马主,
驱,2马区,
驳,2马爻,
d,2R,
R,2马日,
驯,2马川,
驰,2马也,
驮,2马大,
U,2R干,
冯,2冫马,
驭,2马又,
Q,3香香香,
馨,3声殳香,2香,
N,2香j,
M,2香兼,
馥,2香复,
L,2香曷,
K,2香奄,
I,2香非,
H,2香含,
G,2香孚,
F,2香孛,
E,2香必,
D,2香尼,
C,2香,
B,2香分,
香,2禾日,
馘,2首或,
馗,2九首,
首,4R一丶目,
馕,2饣囊,
馋,3饣免冫,
餍,2厌食,
,2食w,
飨,2食乡,
饕,2食,
饶,2饣尧,
评,2讠平,
馔,2饣巽,
馈,2饣贵,
馓,2饣散,
馑,2饣堇,
馐,2饣羞,
馒,2饣曼,
馍,2饣莫,
@,2饣盍,
馊,2饣叟,
馏,2饣留,
饩,2饣气,
A,2饣,
馇,2饣查,
,2饣骨,
饧,4饣弓丿丿,
餮,2殄食,
馆,2饣官,
[,2非食,
馅,2饣`,
饯,2饣戋,
,2饣果,
馄,2饣昆,
肴,2V有,4V一丿月,
馀,2饣余,
,2饣豆,
,2饣,
饿,2饣我,
馁,2饣妥,
饽,2饣孛,
餐,3x又食,
r,2角,
,2饣各,
饵,2饣耳,
养,2羊介,4羊T丿丨,
饷,2饣向,
@,2次食,
饼,2饣并,
,2饣合,
饺,2饣交,
,2食艾,
,2饣出,
饰,4饣丿一巾,2食布,
饱,2饣包,
饲,2饣司,
,2此食,
,2号食,
饴,2饣台,
饮,2饣欠,
饭,2饣反,
饬,4饣丿一力,
,3R夫良,
饫,2饣夭,
饪,2饣壬,
饨,2饣屯,
,2饣乇,
,2饣丁,
饥,2饣几,
{,2冫食,
饣,3人良z,
食,2人良,
x,2番w,
飞,2乙R,
飚,2风Y,
飙,2Y风,4犬犬犬风,
飘,2票风,
v,2风留,
飕,2风叟,
u,3缶风,
r,4风弓丿丿,
t,2风思,
飓,2风具,
飒,2立风,
飑,2风包,
谯,2讠焦,
风,2几V,
颧,2q页,
颞,2聂页,
颅,2卢页,
颦,2频卑,
显,2日业,
颥,2需页,
颤,2页,
颢,2景页,
颟,3艹两页,
类,2米大,
颠,2真页,
颡,2桑页,
愿,2原心,
颛,2Z页,
J,2禺页,
颜,2彦页,
颚,2@页,
额,2客页,
题,2是页,
x,2卒,
颗,2果页,
频,2步页,
颓,2秃页,
颈,2圣页,
颔,2含页,
g,2告,
I,3匕示页,
F,2廷页,
H,3水廾页,
头,3丶丶大,
卫,2卩一,
\,2兆,
颏,2亥页,
颐,5[丨口丨页,
颉,2吉页,
颌,2合页,
J,2正,
领,2令页,
颇,2皮页,
顿,2屯页,
颁,2分页,
顽,2元页,
预,2予页,
颃,2亢页,
虿,2万虫,
颂,2公页,
顾,2厄页,
顼,2王页,
须,2彡页,
顸,2干页,
顺,2川页,
项,2工页,
顷,2匕页,
顶,2丁页,
页,3一丶贝,
,2音^,
,2音,
,2D音,
,2音逢,
韵,2音匀,
,2音英,
,2音皇,
,2音,
,2音出,
韶,2音召,
,2音,
音,2立曰,
齑,4文丿丨韭,
,4人人戈韭,
,3x又韭,
,3十戈韭,2?韭,
,2艹韭,
韭,2非一,
韫,2韦j,
x,2f,
韬,2韦舀,
韪,2是韦,
韩,4十日十韦,
,2韦,3韦友丶,
韧,2韦刃,
韦,3二?丨,
鞯,2革荐,
c,2革蔑,
_,2革^,
鞑,2革达,
],2革詹,
[,2革D,
鞒,2革乔,
T,2革郭,
R,2鬲革,
Q,2般革,
P,2革奚,
鞴,4革艹厂用,
O,2革E,
鞲,2革,
N,2革舀,
L,2革是,
鞭,2革便,
K,2革建,
鞫,2革訇,
资,2次贝,
费,2弗贝,
H,2革曷,
赧,3赤卩又,
E,2革m,
D,2封革,
鞣,2革柔,
C,2革,
B,2革拉,
S,2虫q,
A,2革享,
@,2革卑,
,2革尚,
,2革沓,
h,2角氐,
,2革空,
q,2角辛,
鞘,2革肖,
,2攸革,
,2革妥,
,2革更,
鞔,2革免,
,2革呈,
巩,2工凡,
,2革艮,
鞍,2革安,
,2安革,
鞋,2革圭,
,2革吉,
,2革兆,
,2革合,
,2革因,
鞅,2革央,
,2革包,
,2革弘,
,2革和,
,2革皮,
,2革召,
,2革幼,
,2革世,
,2革半,
靼,2革旦,
,2革且,
,2革末,
说,2讠兑,
,2革及,
,2革引,
靶,2革巴,
诔,2讠耒,
靴,2革化,
靳,2革斤,
,2革今,
~,2革U,
谡,2讠,
|,2革土,
{,2革勺,
z,2革刃,
y,2革干,
x,2革叉,
w,2革丁,
革,3廿口十,
靥,2厌面,
腼,2月面,
s,2面包,
r,3一丶回,
面,3一丶,7一丶囗丨丨一一,
靡,2麻非,
靠,2告非,
q,2非毛,
非,4三丿丨三,
j,2青气,
静,2青争,
靛,2青定,
靓,2青见,
m,2青色,
l,2青光,
靖,2立青,
k,2正青,
青,2丰月,
h,3雷雷雷,
b,2雨S,
,2云爱,
灵,2彐火,
,2云逮,
霭,2雨谒,
[,2雨l,3雨隹隹,
雳,2雨历,
Y,2雨,
X,2雨蒙,
W,3雨目,
霾,2雨,
霁,2雨齐,
U,2,
S,2雨微,
霹,2雨辟,
R,2雨,
Q,2雨滂,
P,2雨戢,
N,2雨隆,
,3革奇,
M,2雨,
霰,2雨散,
L,2雨登,
K,2雨湛,
J,2雨,
I,2雨,
霪,4雨氵壬,
H,2雨郭,
G,2雨尉,
雾,2雨务,
赡,2贝詹,
赎,2贝卖,
C,2雨留,
@,2雨脉,
,3雨立今,
,2雨洪,
霞,2雨,
,4雨口口口,
霜,2雨相,
,4雨弓弓弓,
觫,2角束,
,2雨英,
,2雨洞,
霖,2雨林,
,2屯,
,2雨注,
霓,2雨,
,2今,
,2雨沾,
,2雨泓,
霏,2雨非,
霎,2雨妾,
霍,2雨隹,
,2雨周,
,2雨妻,
,3雨一亚,
霉,2雨母,
霈,2雨沛,
震,2雨辰,
霆,2雨廷,
讹,2讠化,
霄,2雨肖,
诩,2讠羽,
,2雨沐,
需,2雨而,
,2雨兆,
,2雨乎,
,2雨石,
电,2日],
,2雨矛,
雹,2雨包,
诅,2讠且,
雷,2雨田,
零,2雨令,
诱,2讠秀,
,2雨立,
,2雨方,
,2雨分,
雯,2雨文,
,2雨毛,
,2雨及,
,2雨木,
~,2雨下,
雪,2雨彐,
雩,2雨亏,
雨,7一冂丨丶丶丶丶,
谑,2讠虐,
谥,2讠益,
{,3隹隹隹,
z,4臼爻冖隹,2?隹,
难,2又隹,
离,3离隹x,
雠,3隹讠隹,2l言,
v,3屮隹,
鸡,2又鸟,
t,2邕隹,
雏,2刍隹,
q,4艹口口隹,
双,2又又,
岂,2山己,
n,6十日十丿一隹,
虽,2口虫,
l,2隹隹,
k,2余隹,
雒,2各隹,
杂,2九木,
i,2虍隹,
雎,2且隹,
雍,3亠乡隹,
雌,2此隹,
g,2句隹,
雉,2矢隹,
萑,2艹隹,
集,2隹木,
雅,2牙隹,
雄,2隹,
e,2开隹,
d,2今隹,
雁,3厂亻隹,2厂,
雀,2少隹,
c,2弋隹,
隼,2隹十,
a,2冖隹,
隹,3人主一,
隶,2彐水,
陇,2阝龙,
隳,4阝隋人心,5阝隋人小丶,
m,3士犰,
贫,2分贝,
随,2阝,3阜u有,
隧,2阝遂,
R,2阝辟,
Q,2阝登,
貌,3豸白儿,
O,2阝,
,2虫百,
K,2阝巢,
J,2阝敖,
障,2阝章,
际,2阝示,
G,2阝堂,
隙,4阝小日小,
隘,2阝益,
隗,2阝鬼,
F,2阝,
陨,2阝员,
隔,2阝鬲,
赣,5立早夂工贝,
C,2阝兼,
阶,2阝介,
隍,2阝皇,
@,2阝音,
隋,3阝左月,
队,2阝人,
,3阝臼土,
隈,2阝畏,
,2阝威,
隆,3阝夕生,
隅,2阝禺,
,2阝是,
,2阝俞,
,3阝人M,
,2阝],
,2阝重,
,2阝X,
阳,2阝日,
,2阝者,
,2阝,
险,2阝佥,
陆,2阝击,
陶,2阝,
陵,2阝,
陴,2阝卑,
陈,2阝东,
陲,2阝垂,
,2阝,
阴,2阝月,
,2阝隹,
,2阝奇,
陬,2阝取,
,2阝非,
陪,2阝,
陧,2阝[,
陷,2阝`,
除,2阝余,
阵,2阝车,
院,2阝完,
陡,2阝走,
,2阝甫,
陟,2阝步,
陕,2阝夹,
陛,2阝f,3阝比土,
,2阝武,
,2阝辰,
陉,2阝圣,
~,2阝肖,
谧,3讠必皿,
陔,2阝亥,
|,2阝夸,
{,2阝危,
z,2阝而,
限,2阝艮,
y,2阝有,
x,2阝朱,
降,2阝,
陌,2阝百,
陋,4阝丨一丙,3阝?丙,
w,2阝多,
附,2阝付,
誉,2兴言,
陂,2阝皮,
u,4阝丿一也,
陀,2阝它,
阿,2阝可,
t,2阝令,
阽,2阝占,
阼,2阝乍,
阻,2阝且,
s,2阝氐,
r,2阝去,
q,2阝,
p,2阝正,
防,2阝方,
阱,2阝井,
o,2阝比,
n,2阝止,
阮,2阝元,
m,2阝允,
l,2阝亢,
k,2阝不,
阪,2阝反,
j,2阝升,
i,2阝厄,
h,2阝斗,
g,2阝火,
f,2阝水,
e,2阝也,
d,2阝乞,
阢,2阝兀,
阡,2阝千,
c,2阝_,
b,2阝力,
闼,2门达,
a,2门,
阐,2门单,
_,2门贵,
阚,2门敢,
闯,2门马,
阙,2门,
阖,2门盍,
诽,2讠非,
`,3门日羽,
阗,2门真,
^,2门者,
阑,2门柬,
阕,2门癸,
阔,2门活,
闱,2门韦,
阒,2门,
阌,2门受,
阈,2门或,
阍,2门昏,
阏,2门於,
阎,2门`,
阉,2门奄,
阊,2门昌,
阅,2门兑,
闾,2门吕,
阆,2门良,
阃,2门困,
闽,2门虫,
闺,2门圭,
阀,2门伐,
阁,2门各,
关,2R天,
阂,2门亥,
闹,2门市,
闸,2门甲,
闵,2门文,
间,2门日,
闲,2门木,
闰,2门王,
闳,2门,
闶,2门亢,
开,2一廾,
闭,2门才,
\,2门干,
闫,2门三,
闪,2门人,
闩,2门一,
门,3丶丨?,
R,2M,
Q,2M屈,
P,2M失,
O,2M夭,
N,2M久,
M,4三丨一厶,
凿,2Q凵,
銮,2亦金,
锣,2钅罗,
镩,2钅窜,
镊,2钅聂,
行,2彳亍,
K,2钅,
钥,2钅月,
镧,2钅阑,
鑫,3金金金,
镥,2钅鲁,
镳,3钅鹿灬,
铄,2钅乐,
J,2钅{,
钻,2钅占,
@,2钅质,
镲,2钅察,
鉴,6丨丨丿一丶金,
镔,2钅宾,
镬,2钅^,
镱,2钅意,
鐾,2辟金,
铛,2钅当,
I,2钅,
镭,2钅雷,
镯,2钅蜀,
镰,2钅廉,
镄,2钅费,
锏,2钅间,
锎,2钅开,
镨,2钅普,
镢,2钅厥,
,2享金,
镫,2钅登,
e,2行令,
镦,2钅敦,
铹,2钅劳,
镣,2金,3钅,
铴,2钅汤,
铙,2钅尧,
镪,2钅强,
镤,2钅,
铧,2钅华,
G,2钅朋,
錾,2斩金,
镂,2钅娄,
镖,2钅票,
镜,2钅竟,
铲,2钅产,
镛,2钅庸,
镘,2钅曼,
镗,2钅堂,
锵,2钅将,
铿,2钅坚,
鏖,2鹿金,
镝,2钅,
H,2钅,
镙,2钅累,
镆,2钅莫,
鏊,2敖金,
链,2钅连,
镟,2钅旋,
镞,2钅族,
镎,2钅拿,
镌,2钅隽,
镓,2钅家,
镍,2钅臬,
E,2钅党,
镒,2钅益,
镇,2钅真,
镐,2钅高,
锼,2钅叟,
铩,2钅杀,
铠,2钅岂,
镏,2钅留,
蓥,3艹冖金,
Y,2亡血,
C,2钅兹,
D,2钅,
镉,2钅鬲,
锁,3钅小贝,
F,2钅容,
镑,2钅旁,
镅,2钅眉,
锿,2钅哀,
镁,2钅美,
蠹,6一中冖石虫虫,
钟,2钅中,
锶,2钅思,
键,2钅建,
G,4臣丿一丶,
? ,3才网心,
锹,2钅秋,
锘,2钅若,
锲,2钅契,
锸,2钅a,
B,2钅皇,
锻,2钅段,
,4钅弓丿丿,
,2洪金,
铡,2钅则,
锷,2钅@,
镀,2钅度,
锅,2钅呙,
A,2钅英,
锴,2钅皆,
钔,2钅门,
锪,2钅忽,
锨,2钅欣,
锝,4钅日一寸,2钅?,
铼,2钅来,
锰,2钅孟,
错,2钅昔,
锢,2钅固,
锡,2钅易,
,2钅昌,
锚,2钅苗,
锦,2钅帛,
觥,2角光,
锭,2钅定,
锬,2钅炎,
锛,2钅奔,
铮,2钅争,
锱,2钅甾,
锤,2钅垂,
L,2叔金,
锟,2钅昆,
锕,2钅阿,
见,3冂丿],
,2钅亚,
锩,2钅卷,
锫,2钅,
锖,2钅青,
,2角燕,
P,2虫`,
锞,2钅果,
钢,2钅冈,
,2O金,
c,2行元,
锍,2钅?,3钅x,4金?,5钅亠厶川,
铸,2钅寿,
铽,2钅忒,
锂,2钅里,
锆,2钅告,
铖,2钅成,
R,2登,
锇,2钅我,
锔,2钅局,
锃,2钅呈,
锄,2钅助,
铘,2钅邪,
锓,4钅彐冖又,
锊,2钅,
,2钅吾,
锋,2钅,
铗,2钅夹,
铤,2钅廷,
钡,2钅贝,
锌,2钅辛,
锒,2钅良,
铝,2钅吕,
锉,2钅坐,
锑,2钅弟,
锈,2钅秀,
销,2钅肖,
锐,2钅兑,
铞,2钅吊,
钱,2钅戋,
铐,2钅考,
铯,2钅色,
铕,2钅有,
铥,2钅丢,
铵,2钅安,
铟,2钅因,
铱,2钅衣,
铷,2钅如,
铑,2钅老,
衔,2行钅,
,2角,
铫,2钅兆,
铭,2钅名,
铢,2钅朱,
,2虫禽,
铣,2钅先,
,2列金,
,2钅至,
铜,2钅同,
铳,2钅充,
银,2钅艮,
铪,2钅合,
铬,2钅各,
铒,2钅耳,
铰,2钅交,
,2钅刑,
钽,2钅旦,
钼,2钅目,
钲,2钅正,
钺,2钅,
觅,2见,
铆,2钅卯,
钳,2钅甘,
钷,2钅叵,
铂,2钅白,
贬,2贝乏,
铋,2钅必,
,2钅包,
铉,2钅玄,
铊,2钅它,
钜,2钅巨,
铁,2钅失,
钾,2钅甲,
钿,2钅田,
铀,2钅由,
钸,2钅布,
钰,2钅玉,
铍,2钅皮,
钹,2钅,
钴,2钅古,
铃,2钅令,
钶,2钅可,
^,2血耳,
铌,2钅尼,
铎,4钅又二丨,
钪,2钅亢,
钛,2钅太,
钬,2钅火,
钙,2钅丐,
钧,2钅,
钮,2钅丑,
钞,2钅少,
,2钅及,
钣,2钅反,
钤,2钅今,
钩,2钅勾,
钝,2钅屯,
钠,2钅内,
钚,2钅不,
钭,2钅斗,
访,2讠方,
钫,2钅方,
钯,2钅巴,
钎,2钅千,
钕,2钅女,
钍,2钅土,
钗,2钅叉,
G,2工,
钒,2钅凡,
钏,2钅川,
@,2钅口,
钐,2钅彡,
钓,2钅勺,
,2八金,
针,2钅十,
釜,2父金,
钋,2钅卜,
钉,2钅丁,
钊,2钅刂,
钌,2钅了,
钇,2钅乙,
钆,2钅],
钅,4人王R,
金,3人王R,
厘,2厂里,
量,3曰一里,
野,2里予,
重,3丿一里,
釉,2由,
释,4又二丨,
,2丿米,
酽,2酉严,
,2酉靡,
酾,2酉丽,
,2酉爵,
衅,2血半,
酿,2酉良,
,2酉縻,
,2酉糜,
认,2讠人,
,2酉燕,
醺,2酉熏,
谒,2讠曷,
蛤,2虫合,
{,2酉意,
醵,2酉e,
醴,2酉N,
t,2角录,
v,2酉覃,
醯,5酉亠厶川皿,3酉?皿,
醮,2酉焦,
醭,2酉,
医,2匚矢,
醪,2酉,
s,2酉曹,
r,2酉离,
o,2酉票,
酱,3丬夕酉,
醣,2酉唐,
醢,3酉右皿,
m,2酉窄,
l,2酉盎,
酝,2酉云,
i,2酉差,
醛,2酉荃,
醚,2酉迷,
h,2豕豕,
f,2酉盍,
质,3厂十贝,
d,2酉j,
c,2酉,
b,2秋酉,
U,2S弟,
醒,2酉星,
醑,2酉胥,
醐,2酉胡,
`,2酉者,
_,2酉咸,
醍,2酉是,
醌,2酉昆,
p,3行巛首,
^,2酉,
醉,2酉卒,
],2酉炎,
醇,2酉享,
\,2酉,
醅,2酉,
[,2酉,
腌,2月奄,
Y,2酉林,
l,2豕奚,
W,2酉隹,
V,4酉亠厶川,2酉?,
U,2酉孚,
T,2酉甫,
酹,2酉,
酸,2酉,
酷,2酉告,
酶,2酉每,
酵,2酉孝,
酴,2酉余,
貔,3豸囟比,
酲,2酉呈,
酰,2酉先,
酯,2酉旨,
观,2又见,
R,2酉有,
酬,2酉州,
,2豸旱,
酪,2各酉,
酩,2酉名,
,2豸卑,
O,2酉守,
酥,2酉禾,
酤,2酉古,
酣,2酉甘,
酢,2酉乍,
酡,2酉它,
M,2酉可,
L,2酉占,
酞,2酉太,
酚,2酉分,
I,2酉斗,
贺,2加贝,
酗,2酉凶,
G,2酉,
F,2酉毛,
E,2酉a,
D,2今酉,
酒,2氵酉,
C,2酉于,
酐,2酉干,
,2虫,
酎,2酉寸,
配,2酉己,
酌,2酉勺,
酋,2R酉,
酊,2酉丁,
酉,2西一,
郦,2丽阝,
,2赞阝,
酆,2S阝,
@,2`阝,
,2q阝,
酃,2阝,
,2蹿,
,2燕阝,
觇,2占见,
,2廛阝,
邝,2广阝,
鄹,2聚阝,
,2N阝,
郐,2会阝,
,2宗,
蛩,2巩虫,
郸,2单阝,
鄱,2番阝,
[,2血不,
鄯,2善阝,
郑,2阝邑,
,2曾阝,
,2敝邑,
邓,2又阝,
读,2讠卖,
鄣,2章阝,
鄢,2焉阝,
,2雩阝,
鄞,2堇阝,
,2阝,
~,2鹿阝,
谋,2讠某,
|,2莫阝,
鄙,2阝,
{,2庸阝,
z,2高阝,
郧,2员阝,
邬,2乌阝,
n,3言言言,
邹,2刍阝,
s,2畜阝,
r,2辱阝,
q,2息阝,
p,2冥阝,
o,2唐阝,
豆,4一口R一,
m,3乡耶阝,
乡,3??丿,
k,2癸阝,
j,2侯阝,
郓,2军阝,
h,2禹阝,
鄄,2阝,
g,2俞阝,
鄂,2@阝,
f,2背阝,
e,2若阝,
d,2眉阝,
郾,2]阝,
都,2者阝,
b,5目丨一巛阝,
a,2多邕,
`,2筅,
{,2豸白,
^,2鹨,
邮,2由阝,
郴,2林阝,
\,2黑,
Z,2并阝,
Y,2取阝,
郯,2炎阝,
郭,2享阝,
W,2青阝,
郫,2卑阝,
贳,2世贝,
U,2肴阝,
部,2疒,
S,2谷阝,
R,2孛阝,
郢,2呈阝,
郡,2君阝,
Q,2更阝,
郏,2夹阝,
O,2良阝,
郝,2赤阝,
郜,2告阝,
_,2见子,
贤,4丨丨又贝,
M,2甫阝,
郗,2希阝,
K,2豆阝,
J,2成阝,
贶,2贝兄,
郎,2良阝,
G,2舟阝,
F,2圭邑,
E,2自阝,
郊,2交阝,
D,2在,
C,2后阝,
郇,2旬阝,
B,2吉阝,
郅,2至阝,
郄,3V阝,
A,2合阝,
@,2亥阝,
郁,2有阝,
,2夸阝,
,2寺阝,
邾,2朱阝,
,2圭阝,
,2匡阝,
邸,2氐阝,3氏丶邑,
,2瓦阝,
,2虫~,
邵,2召阝,
邴,2丙阝,
邳,2丕阝,
,2必阝,
邱,2丘阝,
邰,2台阝,
邯,2甘阝,
觏,2诩,
,2丰邑,
邪,2牙阝,
,2火阝,
,2屯阝,
,2元阝,
邦,2丰阝,
,2苴,
那,2月阝,
f,2行玄,
邡,2方阝,
,2分阝,
,2亢阝,
,2夫阝,
邛,2工阝,
词,2讠司,
邙,2亡阝,
,2于阝,
邗,2干阝,
,2山阝,
邕,2巛邑,
,2己阝,
,2丁阝,
邑,2口巴,
逦,2辶丽,
逻,2辶罗,
,2讠,
,3辶备录,
,2辶黎,
邋,2辶{,
,5辶自冖八口,
邈,2辶貌,
迩,2辶尔,
,2辶登,
,2辶,
还,2辶不,
邃,2穴遂,4辶穴R豕,
邂,2辶解,
迈,2辶万,
邀,2辶敫,
避,2辶辟,
诺,2讠若,
遽,2辶e,
辽,2辶了,
诼,2讠X,
遗,2辶贵,
y,2辶,
选,2辶先,
迁,2辶千,
遵,2辶尊,
遴,2辶,
u,2辶s,
迟,2辶尺,
,2言,
遮,2辶庶,
遭,2辶曹,
p,2辶F,
o,2辶敕,
j,3行午止,
遨,2辶敖,
l,2辶章,
遣,6u中一尸^一,7辶u中一尸^一,
遢,3辶曰羽,
i,2辶朔,
g,2辶,
递,2辶弟,
e,2辶o,
逊,2辶孙,
遛,2辶留,
],2豕开,
遥,3辶缶,
遘,2辶,
违,2辶韦,
达,2辶大,
道,2辶首,
遒,2辶酋,
遑,2辶皇,
遐,2辶,
遏,2辶曷,
,2虫夷,
遍,2辶扁,
],2辶@,
运,2辶云,
豸,7丿丶丶丿|丿丿,
Y,2辶是,
遇,2辶禺,
X,2辶帝,
遄,2辶Z,
V,2辶彦,
遂,3辶R豕,
遁,2辶盾,
,2辶有,
逾,2辶俞,
S,2辶若,
逼,2辶w,
远,2辶元,
逸,2辶免,
,2豸俞,
逶,2辶委,
逵,2辶v,
O,2辶卓,
赋,2贝武,
进,2辶井,
K,5辶手丿一子,
逯,2辶,
逮,2辶隶,
逭,2辶官,
I,2辶,
H,2辶昔,
G,2辶奔,
讨,2讠寸,
C,2辶沙,
连,2辶车,
逢,2辶,
逡,2辶,
造,2辶告,
速,2辶束,
逞,2辶呈,
逝,2辶折,
A,2辶吾,
逛,2辶狂,
通,2辶甬,
这,2辶文,
,2辶矣,
逗,2辶豆,
逖,2辶狄,
迳,2辶圣,
途,2辶余,
,2辶[,
逑,2辶求,
逐,2辶豕,
透,2辶秀,
,2辶酉,
逍,2辶肖,
,2辶卣,
逋,2辶甫,
,2辶向,
,2辶地,
逆,2辶,
逅,2辶后,
逄,2辶,
逃,2辶兆,
送,2辶关,
退,2辶艮,
,2辶旬,
,2辶列,
追,4辶户^一,
,2辶吉,
,2辶多,
迸,2辶并,
迷,2辶米,
,2辶同,
,2辶它,
述,2辶术,
,2辶外,
衙,2行吾,
迭,2辶失,
,2硌,
迫,2辶白,
迪,2辶由,
迨,2辶台,
,2辶申,
迦,2辶加,
迥,2辶,
迤,4辶丿一也,
,2辶世,
迢,2辶召,
,2辶尼,
,2辶占,
诎,2讠出,
,2达丶,
迕,2辶午,
返,2辶反,
迓,2辶牙,
,2辶亢,
近,2辶斤,
,2辶太,
谁,2讠隹,
,2辶王,
迎,2辶n,
,2辶尸,
~,2辶也,
迅,2辶_,
迄,2辶乞,
谖,2讠爰,
迂,2辶于,
|,2辶干,
{,2辶山,
谊,2讠宜,
边,2辶力,
w,2辶乃,
u,4彡丨一人,
s,2林辰,
农,2冖?,
辱,2辰寸,
辰,2厂衣,
辩,3辛讠辛,
辫,3辛纟辛,
辞,2舌辛,
豇,2豆工,
辨,4辛丶丿辛,
l,3辛刀辛,
办,2力八,
@,2千谷,
i,2受辛,
辣,2辛束,
谶,2讠,
g,2辛辛,
f,2自辛,
辟,3尸口辛,
e,2台辛,
辜,2古辛,
辛,2立十,
轳,2车卢,
轹,2车乐,
辔,3丝车口,
轰,3车又又,
辚,2车,
轿,2车乔,
辙,4车彳育攵,
辘,2车鹿,
辕,2车袁,
辖,2车害,
毂,4士冖车殳,
舆,4臼车一八,
辗,2车展,
d,2车j,
辐,2车w,
输,2车俞,
辏,2车奏,
辑,2车,3车口耳,
c,2车京,
轮,2车仑,
辈,2非车,
蠃,5亡口月虫凡,
辊,2车昆,
辍,2车,
辋,2车罔,
辉,2车军,
辎,2车甾,
辅,2车甫,
辄,2车k,
辆,2车两,
轾,2车至,
载,3土戈车,2?车,
b,2车舟,
辁,2车全,
辂,2车各,
较,2车交,
轼,2车式,
轻,2车圣,
轶,2车失,
轲,2车可,
轺,2车召,
轵,2车只,
轴,2车由,
轱,2车古,
轸,3车人彡,
T,2赤欠,
轷,2车乎,
转,2车专,
软,2车欠,
轭,2车厄,
轫,2车刃,
轩,2车干,
a,2车大,
,2虫羽,
轨,3车九,
轧,2车],
车,3一?十,
詹,4刀厂儿言,
躯,2身区,
{,2身康,
谆,2讠享,
躺,2身尚,
议,2讠义,
u,2身奇,
t,2身委,
s,2身果,
q,2身良,
p,2身吕,
躲,2身朵,
n,2身本,
l,2身,
躬,2身弓,
身,3丶且丿,
躏,2足蔺,
j,2足矍,
i,2足夔,
躜,2足赞,
蹿,2足窜,
e,2虍豕,
V,2SA,
蹑,2足聂,
a,2薛足,
O,2矶,
躞,2足燮,
^,2o足,
跹,2足迁,
Y,7足丨二幺幺幺幺,
蹰,2足厨,
躔,2足廛,
踬,2足质,
i,2行共,
踯,2足郑,
躐,2足{,
跃,2足夭,
獾,2犭q,
跻,2足齐,
踌,2足寿,
趸,2万足,
N,2足敫,
躇,2足著,
M,2足e,
躅,2足蜀,
L,2辟足,
K,2足辟,
Q,2足达,
躁,3足品木,2足,
H,2足敦,
V,2赤色,
蹼,2足,
跷,2足尧,
D,2足翕,
赘,2敖贝,
S,2攸足,
蹶,2足厥,
A,2就足,
蹴,2足就,
蹲,2足尊,
,2足童,
蹯,2足番,
i,2角圭,
蹭,2足曾,
蹬,2足登,
,2足,
蹩,2敝足,
,2足然,
觋,2巫见,
蹦,2足崩,
踪,2足宗,
蹒,3足艹两,
,2足,
诊,3讠人彡,
,3辶亦迹,
,2足徙,
,2足宿,
诣,2讠旨,
蹙,2戚足,
诧,2讠宅,
诘,2讠吉,
,2足舂,
跸,2足毕,
,2刈,
,2足留,
,2足脊,
,2足,
误,2讠吴,
,2足展,
跄,2足仓,
蹋,3足日羽,
蹊,2足奚,
蹉,2足差,
蹈,2足舀,
蹇,4宀井大足,
,2足退,
,2足查,
蹄,2足帝,
,2足若,
蹂,2足柔,
蹁,2足扁,
蹀,2足,
,2足秋,
~,2足w,
踽,2足禹,
踺,2足建,
踹,2足Z,
{,2足甚,
z,2足者,
谄,2讠`,
踵,2足重,
踊,2足甬,
,2讠审,
v,2足盾,
踱,2足度,
u,2足俞,
踮,2足店,
s,2足K,
踩,2足采,
r,2足,
q,2足叔,
p,2足奇,
o,2足妾,
J,2谷敢,
踣,2足,
踢,2足易,
m,2足卷,
l,2足宛,
踟,2足知,
踞,2足居,
踝,2足果,
C,3谷_一,
j,2足v,
h,2足取,
B,2一丨,
B,2亻尽,
B,2亻焉,
B,2冫禁,
B,3勹艮殳,
B,2口朱,
B,2口崖,
B,2囗盍,
豫,2予象,
B,2大巴,
B,2女周,
B,2女靡,
B,2山丕,
B,2崔灬,
f,2足念,
B,2忄民,
e,2足昔,
d,2足C,
B,2才前,
B,2才盟,
B,2日于,
B,2曾勿,
踔,2足卓,
B,2木S,
B,2木惠,
B,2合欠,
`,2豕,
B,2氵昊,
b,2足委,
B,2氵慈,
B,2火朴,
豕,7一丿|丿丿丶T,
践,2足戋,
踏,2足沓,
C,2亻君,
C,3勹身吕,
_,2足否,
C,2口教,
C,2口旬,
^,2足孝,
],2足却,
C,2女卓,
C,2不大,
C,2山幼,
踉,2足良,
C,2广叟,
\,2足束,
[,2足每,
C,2忄丕,
C,2研手,
B,2矢舟,
C,2日山,
豺,2豸才,
踅,2折足,
B,2禾卒,
Y,2足步,
C,2木爰,
X,2足肖,
C,3卜郧,
C,2氵商,
C,2氵昌,
C,2火有,
C,2氵^,
B,2霍,
@,2亻章,
B,2羽是,
@,2一乙,
@,3口口亏,
B,2d月,
@,2冫斯,
@,2勹躬,
@,2大云,
B,2艹眉,
贩,2贝反,
@,2土春,
@,2山厥,
@,2广鬼,
C,4一肀卜人,
@,2山弗,
@,2才九,
B,2衤发,
@,2忄世,
@,2殷心,
U,2足足,
C,2石昏,
@,2才~,
@,2日大,
@,2吉欠,
T,2足走,
@,2木俞,
@,2厥木,
B,2厥足,
@,2火亘,
@,2氵周,
@,2氵竟,
衄,2血丑,
宾,2宀兵,
P,2足西,
跳,2足兆,
O,2足合,
N,2足寺,
M,2足并,
路,2足各,
L,2足至,
K,2足,
衢,2行瞿,
跫,2巩足,
V,4雀戈虫虫,
J,2足曳,
跨,2足夸,
贴,2贝占,
H,2足朱,
跺,2足朵,
跤,2足交,
跣,2足先,
F,2足多,
迹,2辶亦,
D,2足夷,
跟,2足艮,
距,2足巨,
C,2足尼,
跛,2足皮,
跚,2足册,
B,2足且,
A,2足半,
跗,2足付,
跖,2足石,
@,2足占,
,2足句,
,2足主,
,2足可,
跑,2足包,
,2足此,
跏,2足加,
跎,2足它,
,2足古,
跌,2足失,
跋,2足,
,2足未,
,2足令,
觖,2角,
,2足世,
跆,2足台,
,2足斥,
,2足支,
,2足巴,
,2足月,
趿,2足及,
趾,2足止,
,2足方,
趼,2足开,
,2足今,
趺,2足夫,
,2讠刃,
,2足乞,
,2足于,
趵,2足勺,
趴,2足八,
足,3口卜人,
趱,2走赞,
,2走翟,
,2走,
,2走焦,
,2走黄,
,2走,
趋,2走刍,
,2走是,
,2走咨,
,2走酋,
,2走宕,
趣,2走取,
,2走录,
~,2走崔,
谌,2讠甚,
趟,2走尚,
|,2走昔,
谅,2讠京,
z,2走,
调,2讠周,
x,2走束,
赵,2走V,
v,2走尾,
u,2走足,
t,2走坐,
赶,2走干,
趔,2走列,
r,2走朵,
q,2走兆,
趑,2走次,
p,2走羽,
o,2走舌,
n,2走朱,
m,2走多,
l,2走吉,
越,2走,
B,2谷牙,
j,2走占,
i,2走立,
谗,3讠免冫,
超,2走召,
趄,2走且,
g,2走失,
f,2走尔,
趁,3走人彡,
e,5走丿?丨丿,
b,2豕,
c,2走斤,
b,2走,
a,2走欠,
`,2走少,
_,2走今,
^,2走匀,
],2走山,
起,2走己,
霸,3雨革月,
赳,2走L,
\,2走力,
o,2豕原,
走,2十疋,
Z,2赤唐,
Y,2赤,
赭,2赤者,
W,2赤贞,
E,2口夸,
E,2匚久,
赫,2赤赤,
G,2月霍,
E,2亻辰,
E,2刃一,
D,2火共,
D,4火火火火,
E,2山詹,
E,2山丘,
G,2虫戾,
G,2虫于,
E,2大卯,
E,2土荒,
E,3囗厶面,
E,2口,
E,2月令,
E,3屮一日,
D,2矢曾,
E,2才訇,
E,2才丈,
D,2目畀,
E,2忄半,
E,2广部,
G,2足,
E,2氵敖,
E,2氵芳,
E,2氵氏,
E,3匕矢欠,
G,3广言,
D,2禾京,
E,2沙木,
U,2赤虫,
J,2口焉,
D,3户戈聿,
J,2土脊,
D,2且,
D,2元,
J,2子心,
E,2火宅,
E,2希瓦,
E,2王竟,
E,2王廷,
G,2革酋,
J,2亻豆,
J,2亻,
J,2几巾,
J,2匚玉,
J,2月良,
赦,2赤攵,
J,2木盾,
E,2矢^,
E,2目昏,
J,2氵,
J,2氵制,
J,2氵梵,
D,2台,
赤,4土丿|八,
J,2忄由,
J,2敕心,
J,2才_,
J,2才施,
J,2才需,
J,2日午,
E,2并色,
K,2口老,
E,2月炎,
E,2月乙,
K,2丽女,
K,2大亥,
J,2王言,
K,2司子,
J,2氵Y,
J,2火孚,
D,3阝左左,
D,2雨,
K,2亻曼,
K,2亻廷,
K,2匚弁,
K,2几云,
K,2木孛,
K,2月,
J,2穴料,
K,2木臾,
K,2氵,
K,2`欠,
K,2氵庸,
K,2氵朋,
D,2鼠,
J,2疒寸,
赃,2贝庄,
K,2忄氐,
J,2目,
K,2才叉,
K,2日,
赆,2贝尽,
J,2艹丁,
H,2土宣,
H,2口安,
赢,5亡口月贝凡,
H,2了一,
H,2山令,
H,2占大,
H,3女壬,
K,2火,
H,2北一,
E,2雨彬,
J,2孚,
H,2尸几,
H,2匚亢,
J,2月,
J,2月瞿,
H,2木曷,
H,2木童,
H,2月肉,
H,2木呈,
H,2氵,
H,2氵悠,
H,2炎欠,
H,2井水,
H,2古心,
H,2忄莫,
J,2虫翳,
H,4广白匕,
K,2石乇,
H,2日屯,
H,2才亏,
H,2才思,
C,2主,
A,2亻忘,
A,2丨一,
C,4羽凶八夂,
赝,4厂亻隹贝,3厂贝,
A,2口至,
A,2勹E,
赠,2贝曾,
A,4女片一爿,
C,2艹奄,
A,2土咸,
C,2艹R,
A,2广留,
@,4w丶丿w,
A,2山它,
A,2女q,
A,2才酋,
A,2才力,
A,2忄畜,
A,2忄包,
B,2髟春,
A,2去曷,
A,2日勺,
@,2石葛,
@,2竹Z,
A,2血欠,
A,2木覃,
A,2木酋,
A,2丞灬,
C,2足,
A,2氵寇,
A,2氵奉,
F,4亻艹勹用,
F,2丶几,
F,2匚也,
F,2口舌,
贽,2执贝,
,2虫并,
F,2十凵,
F,2亻坐,
F,2女岸,
A,2犭尔,
F,2山白,
@,2艹要,
F,2口,
A,2台瓦,
F,2土段,
F,2大巨,
F,2才w,
购,2贝勾,
F,2日文,
F,2月出,
赙,2贝,
F,2忄奴,
F,2忄曹,
F,2才勺,
F,2氵开,
F,2氵直,
A,2竹弗,
F,2氵睿,
F,2木辰,
F,2木便,
F,2木甯,
F,2束欠,
G,2丶几,
G,2亻票,
G,2口兆,
G,2匚工,
F,2火灰,
赚,2贝兼,
G,4人一丑刂,
R,2贝冒,
A,2艹,
G,2女昆,
F,2王巢,
G,2山召,
G,3囗八面,
G,2口彗,
G,4丨一圭大,
F,2犭旬,
赖,2束负,
G,2才畏,
F,2石辟,
G,2日文,
G,2忄占,
G,4广白匕殳,
G,2才于,
G,2忄票,
G,2氵v,
G,2氵井,
G,2氵w,
A,2谷,
G,2木,
G,2木否,
G,2矣欠,
G,2荒,
F,2月九,
D,2口关,
D,2亻悉,
D,2冫熙,
赌,2贝者,
D,2亻呈,
F,2民,
F,2羽侯,
D,2山兄,
D,2山厥,
G,2尚瓦,
G,2王,
D,2土巷,
D,2大氐,
G,3犭砸,4犭沿丨,
账,2贝长,
D,4日弓丿丿,
D,2月分,
D,2才南,
G,2辟石,
D,2忄冥,
D,2才土,
D,7广^一丨丨?灬,
D,2忄句,
D,2氵密,
D,2氵m,
D,2氵支,
A,2鱼管,
D,2木D,
D,2良欠,
D,2木寻,
D,2木英,
L,2犭,
M,2弦女,
M,3厶大电,
M,2土容,
M,2土丶,
M,2口婆,
M,2口匈,
O,2艹戍,
N,2酉发,
M,4亻大己,
M,2亻,
M,3U二丨,
L,2折火,
赕,2贝炎,
N,2辶育,
N,2吾阝,
M,2氵或,
M,2氵反,
M,2甚欠,
L,2竹唐,
M,2木某,
M,2木妥,
M,2亡明,
M,2日及,
L,2石乞,
M,2才盾,
M,2才乞,
L,2目,
M,2失心,
L,2疒微,
赓,2庚贝,
M,2山冬,
M,2王孚,
R,2山各,
R,4山豕土土,
L,2艹,
R,2忄玄,
R,2忄敖,
R,2才今,
R,2才m,
L,2月也,
R,2日日,
L,2卦,
R,2木水,
R,2木皇,
R,2木V,
R,2高欠,
R,2氵午,
M,5士冖一米殳,
M,4竹目大良,
M,2竹b,
M,2竹池,
衍,2行氵,
R,2丶丿,
赏,2尚贝,
R,2亻善,
M,2石X,
M,2石工,
M,2目星,
R,2口堂,
M,2疒雍,
R,2土翁,
R,2大朋,
R,2女南,
S,2山各,
M,4艹氵帚又,
M,2艹[,
R,2疒必,
S,2忄爽,
S,2匆心,
S,2才昝,
S,2才介,
S,2日分,
R,2石b,
S,2木坐,
S,2月童,
R,2窗心,
R,2竹交,
R,2竹倩,
S,2欠,
R,2氵,
R,2氵巢,
赐,2贝易,
R,2火良,
S,2井丶,
赉,2来贝,
Q,2贝周,
赇,2贝求,
f,3宀眉八,
S,2凵土,
S,2口野,
S,2口告,
S,2土乘,
S,2土乇,
S,2女若,
S,3一自,
P,2山葛,
R,2虫月,
S,2疒从,
P,2山合,
P,2手刃,
S,2疒禀,
P,2忄必,
P,2忄章,
P,2月英,
P,2木J,
S,2禾兼,
P,2日方,
P,2欠,
P,2氵方,
P,2次呆,
R,2足局,
S,2氵徙,
赊,2贝佘,
S,2火延,
赈,2贝辰,
P,2亻孝,
贱,2贝戋,
贼,2贝戎,
P,2串丿,
R,2月彖,
P,2口斛,
R,2艹亏,
P,2匚俞,
P,2大周,
R,2艹真,
P,2土儿,
S,2犭京,
I,2既土,
K,2艹刀,
贾,2贝,
I,2口亘,
I,2山氐,
I,2子子,
H,2犭舌,
J,2革,
I,3一山冂,
K,2邵糸,
K,2林,
a,4聿百百血,
I,2匚勿,
贿,2贝有,
赁,2任贝,
I,2亻局,
I,2木曾,
H,2竹o,
I,3木氏口,
I,2月兆,
H,2米厘,
赂,2贝各,
I,1,2氵内,3水内,
I,2欠,
H,2疒,
I,2忄且,
H,2委瓦,
H,2疒匕,
I,2屯日,
I,2才S,
I,3才臼工,
I,2才干,
H,2艹林,
N,2大明,
H,2山山,
N,3子子子,
N,3匚山王,2匡山,
N,2口有,
N,2口得,
N,2土丁,
N,2丨彡,
N,2亻孛,
贲,3十艹贝,
N,3几一日,
H,2月念,
H,2月赞,
H,2票羽,
H,2入肉,
N,2木,
N,2Z欠,
N,2氵今,
N,2氵,
N,2日升,
N,2月享,
N,2木希,
N,2木帝,
N,2忄崔,
N,2才兀,
N,2才皇,
N,2才^,
N,3小冖山,
N,2山戢,
I,2石子,
N,2付心,
O,2非大,
O,2土素,
I,2艹安,
O,2女画,
O,2口地,
O,2匚,
O,2土卜,
I,2艹鹿,
O,2亻男,
H,2酉殳,
O,2几百,
O,3亻攵,
N,2水,
贸,2卯贝,
I,2月乞,
贻,2贝台,
N,2竹因,
O,2木辜,
N,3竹才,
O,2氵攵,
O,2其月,
O,2日户,
I,2足全,
O,2木良,
O,4才丿一],
O,2敏心,
O,2才截,
O,2才扁,
O,2山解,
N,2兹瓦,
O,2忄四,
O,2广屠,
L,2女典,
L,2子台,
O,2王岑,
L,2大多,
I,2革削,
L,2土],
L,2匚A,
L,2口同,
N,2或,
I,2延阝,
N,2月女,
L,2亻岑,
贷,2代贝,
蛮,2亦虫,
I,2且,
O,2火勺,
L,2氵犬,
L,2氵典,
L,2木然,
L,2柰欠,
L,4木厶大十,
L,2木威,
L,2日反,
L,2逶,
L,2才甚,
N,2衤巽,
O,2石亭,
L,2才也,
L,2广鹿,
L,2忄失,
L,2山田,
L,5山户^一辛,
U,2才夭,
T,2目侯,
U,2忄兄,
贵,3中一贝,
贰,3弋二贝,
U,2山至,
T,2王丶,
U,2女俞,
T,2竹如,
赀,2此贝,
T,2禾兹,
C,2皮,
T,2石蔑,
U,2日勿,
T,2石亢,
U,2才客,
U,2亻狂,
V,2妻阝,
T,2火豕,
W,2尉,
T,2氵祭,
贮,3贝宀一,
T,2氵予,
T,2户木,
U,2大面,
U,2土高,
U,2土千,
U,2只要,
U,2口弄,
U,3匚大品,
U,2刀T,
W,2自死,
Z,2才允,
Z,2才亭,
Z,2才U,
Z,2日巨,
Z,2木人,
Z,2木亨,
U,2王定,
U,2王],
U,2竹旁,
Z,2女美,
Z,2j子,
Z,2山全,
责,2丰贝,
W,2马宗,
Z,2他心,
U,2石止,
Z,2亻良,
Z,2亻黄,
Z,2气刂,
Z,2匚瞿,
,2敫,
W,2足k,
U,2氵育,
Z,3艹死土,
U,2非犬,
T,2艹敖,
T,2艹杜,
T,2艹兖,
T,2自],
T,2艹子,
T,2月丰,
Z,6丿丨丿丿丶T,
[,2秋手,
[,2才王,
[,3日一勿,
货,2化贝,
U,2虫,
[,2木八,
T,2阝W,
Z,2竹宋,
[,2女甚,
Z,2王勺,
[,2山夷,
Z,2王景,
,2弋,
Z,2疒占,
[,2忄堇,
Z,2目亡,
[,2亻欺,
[,2亻完,
贡,2工贝,
[,2丹刂,
W,2黄主,
[,2口牢,
[,2土追,
[,2日土,
U,2艹眯,
Z,2氵互,
U,2艹宜,
U,2艹尾,
U,3屮屮屮,2屮H,
Z,2火赤,
[,3厂二巾,
U,2月尤,
[,2石瓦,
X,2日方,
X,2才欠,
X,2才剌,
X,2木j,
X,2木,4木北白几,
X,2木丶,3十儿丶,
X,2木酉,
X,2辟子,
X,2山而,
[,2王番,
X,2女帝,
X,2X心,
[,3虍鬲瓦,
[,2目乞,
Z,2衤O,
X,2千刂,
Z,3月八十,
X,2亻邑,
Z,2至各,
X,2大土,
X,2土,
X,2口足,
Z,2艹除,
[,2氵化,
[,2虚欠,
负,2刀贝,
O,2厶贝,
[,2君灬,
X,2?人,
贞,2卜贝,
Z,2童,
P,2臬瓦,
P,2疒牙,
Q,2山合,
Q,2子宗,
贝,2冂人,
Q,2才及,
P,2疒鼠,
Q,2忄幼,
Q,2木,
Q,4月凶八夂,
Q,2夭日,
,2豸矍,
P,2竹A,
Q,2俞欠,
P,3穴爿吾,
Q,2木柔,
R,2足舞,
P,2火廷,
P,2氵宓,
P,2氵寂,
Q,2亻巽,
Q,2亻妥,
Q,3业R干,
S,2土丿,
Q,4口百冖戈,
S,2月室,
,2犭莫,
Q,2几兼,
Q,2女要,
Q,2大隹,
Q,2土冥,
S,2艹斛,3艹角斗,
Q,2疒a,
V,2忄,
V,2忄造,
V,2才片,
V,2女禺,
V,4未攵厂子,
V,2山聿,
Q,2疒詹,
V,2木束,
Q,2礻基,
Q,2石慈,
V,2堇欠,
V,2才即,
V,2才摩,
V,2日公,
,2豸益,
Q,2火每,
,2豸奚,
V,2T丿,
V,2亻告,
S,3酉幺月,
P,2月义,
猫,2犭苗,
Q,2火葱,
P,2艹巾,
V,2土勺,
V,2土冢,
V,2沾,
V,2亻尊,
V,2刀八,
,2豸Z,
V,2口豆,
W,2忄皮,
,2豸,
W,2才氏,
W,2救心,
V,2午一,
V,2王卑,
V,2王,
W,2山艮,
W,2林田,
W,2木求,
V,2竹行,
W,2木戟,
W,2才箭,
W,2才帝,
W,2一小,
W,2日六,
V,2火彤,
P,2辶易,
W,2亻吾,
Q,2米堂,
V,2氵云,
V,2氵念,
V,2氵隆,
P,3土戈酉,2?酉,
W,2土上,
Q,2艹干,
,2豸,
W,2土栗,
W,2乞刂,
P,2阝F,
W,2口,
W,2匚算,
V,2虫庶,
T,2才,
W,2目,
T,2忄丙,
T,4户^一山,
T,2山罪,
T,2女,
T,2N日,
W,2穴毳,
W,2禾,
T,2木君,
W,2竹仲,
T,2日今,
T,4月月月月,
T,2才胥,
W,2石,
W,2火意,
T,2亻余,
V,2巢,
V,2考口,
W,2氵虎,
W,2氵允,
Q,2酉全,
W,2氵堇,
V,2艹里,
T,2天明,
T,2口徙,
T,2千土,
V,2月犬,
V,2月帝,
T,2亻窘,
T,4凵了口又,2凵亟,
],2木益,
],2木O,
],2木刀,
],2日玄,
_,2衤,
\,2石契,
],2才勾,
\,2目翁,
\,2疒虫,
\,2疒霍,
_,2血各,
],3山亠日,
],2宀几,
],2女亲,
b,2口孚,
b,5口口田一口,
b,2土攵,
b,2土恭,
],2口良,
],2[z,
b,2宀,
b,2山列,
貊,2豸百,
b,2广t,
b,2忄匡,
b,2忄,
b,2才,
b,2才建,
b,2才,
b,2日末,
b,2木丁,
b,2木狄,
貉,2豸各,
],2禾祭,
,2豸舟,
],2石霍,
~,2豸艮,
],2石末,
],5士冖一目殳,
],2目勺,
讳,2讠韦,
],2疒同,
],2虎甘,
],2王,
],2明玉,
],2王于,
],2犭羌,
貅,2豸休,
\,2艹均,
\,3艹目廾,
\,3土戈至,2?至,
\,2艹仁,
\,2卜G,3卜冖月,
\,2月柔,
Z,2血U,
\,2耒皮,
],2火禀,
],2火O,
_,3乡艮阝,
],2氵教,
],2氵芷,
\,2辟米,
],2喜欠,
],2木,
c,2木,
b,2竹含,
c,2氵片,
b,2竹R,
c,2氵,
c,2氵若,
c,2折灬,
],2衤辰,
`,2亻希,
`,2亻番,
],3天天虫,
`,2幺],
`,2口,
b,5臼一勹灬舄,
`,2且刂,
`,2十丨,3一丨丨,
`,4大,
`,2女前,
`,2土殳,
c,2犭隹,
`,3山隹,
],2月失,
`,2宀六,
`,2山亘,
`,2才月,
`,2削手,
`,2忄老,
c,2目,
`,2木L,
`,2木皂,
c,2禾,
`,2日令,
b,5士冖一木殳,
b,2木q,
b,2蜀欠,
b,2氵止,
b,2氵F,
b,4氵R夫水,3氵?水,
貂,2豸召,
b,2火弟,
b,2火,
z,2豸穴,
c,2亻替,
c,3亻夂彡,
c,6丿丨丨丨丨一,3川丨一,
c,2令刂,
],2门岂,
c,2口旱,
x,2豸句,
c,2土冗,
w,2豸丕,
c,2女丁,
c,2山企,
c,2宀井,
护,2才户,
b,2疒至,
谵,2讠詹,
c,2忄牟,
c,3才千臼,
c,2才升,
c,2日弁,
c,2才蔡,
c,2木含,
c,2木冂,
Y,3大R日,
Y,2才{,
Y,2剌手,
Y,2才屯,
X,2穴,
Y,2木神,
Y,2木弄,
X,2高禾,
Y,2山亥,
t,2豸干,
Y,2女柔,
X,2王八,
[,2虫梨,
Y,2术心,
Y,2广辟,
Y,2山截,
[,2月兮,
Y,2寸刂,
Y,2亻敞,
Y,2亻甫,
Y,2土旁,
[,2艹文,
Y,2口然,
Y,2口何,
X,2氵忽,
Z,2足,
X,2欠,
X,2芩,
豹,2豸勺,
Z,2辶,
[,2,
s,2豕壹,
^,2日出,
^,2木力,
^,2木余,
^,2木展,
Y,2竹当,
^,2才文,
k,2豕贲,
p,2豕,
^,2山安,
^,3山雀戈,
Y,2王工,
^,2忄多,
^,2仆,
Y,2疒徵,
Y,2疒句,
^,2宀弓,
豳,2山h,3豕山豕,
^,2口e,
X,2而大,
^,2土氏,
X,2艹,
^,2亻宋,
X,2艹屯,
^,3刀刀刀,
Y,2氵,
[,3土RT,
Y,2氵尤,
Y,2欠,
n,2豕j,
Y,2火照,
Y,2攸火,
Y,2氵B,
_,2木九,
_,3日人彡,
_,2木,
_,3木白七,
_,2才日,
^,2目唐,
^,2石且,
_,2才重,
Y,2虫尤,
_,2山危,
_,2忄吉,
X,2阝需,
_,2大q,
^,2犭昆,
_,2宀犬,
_,2女屋,
_,2口羊,
_,2U十,
_,2土元,
_,2口V,
_,2亻否,
_,2山],
_,2弗刂,
Y,2艹尹,
^,2氵,
Y,2米喜,
^,2火肖,
^,2火需,
^,2木,
X,2酉,
^,2氵勿,
^,2金水,
\,2折木,
\,2木夏,
\,2日丙,
^,2豕巴,
\,2才突,
_,2目兮,
\,3来犬心,
\,2才卞,
_,2日生,
^,2虫芈,
\,2山老,
_,2疒有,
\,2女X,
^,2艹圈,
_,2王典,
_,2王与,
^,2至成,
\,2土勿,
\,2[合,
\,2口孛,
\,2亻登,
\,2元刂,
^,2月弗,
^,2月畏,
X,2黄圭,
_,2氵,
_,2火,
_,2户已,
_,2焱欠,
^,2竹部,
_,2氵帛,
猪,2犭者,
e,2氵廛,
g,2足,
e,3氵并刂,2刂,
e,2氵,
j,2亻,
j,2亻,
j,2亘刂,
j,4一丨丨一,
豪,4亠口冖豕,
d,2艹毛,
d,2月出,
d,2月兼,
d,3j丨干,
d,2耒,
e,2火赫,
g,2酉叟,
j,2山,
d,2虫胥,
j,2忄西,
e,2王牙,
j,2才幻,
j,2才恒,
d,2艹助,
j,2日皿,
j,2口邑,
e,2石q,
j,2土元,
e,2奴石,
j,2己女,
j,2女m,
j,2宀米,
j,2山交,
d,2氵,
d,2氵,
d,2水水,
d,2氵非,
d,2木h,
f,2豕甫,
d,2木,
d,2木E,
e,2口秀,
g,2月平,
g,2艹火,
g,4臼同冖且,
g,2豕希,
e,2乙田,
d,4了口又灬,
d,2火翟,
e,2山鞠,
e,2山危,
e,2宀主,
e,2女Z,
e,2女久,
e,2土j,
e,2土分,
e,2口巽,
e,2木千,
e,2民日,
d,2石主,
e,3才击,
e,2才元,
d,2目章,
e,2忄,
e,2廴巛,
k,2火昏,
h,2石乙,
e,2足藉,
j,2羊巴,
j,2耒,
h,2甚十,
j,2月益,
h,2亻,
j,2禾千,
k,2木刃,
d,2豕亥,
k,2木家,
k,2氵石,
k,2止舟,
k,4未攵厂水,
k,2氵卑,
h,2好心,
h,2戚心,
k,2目正,
h,2廴回,
h,2才麇,
h,2日弗,
h,2扌手,
h,3才j,
h,2土水,
j,2艹抄,
j,2艹柬,
h,2口番,
k,2王王,
h,2山列,
h,2女山,
h,2女皇,
j,2氵徵,
j,2火昆,
j,2火墨,
d,2足瞿,
k,2棘人,
d,2走氐,
k,2卜,
k,2井V,
j,2木子,
j,2木那,
j,2木素,
j,2木意,
j,2止巨,
j,2水石,
豢,3R夫豕,2?豕,
j,3氵穴圭,
k,2分廾,
k,2山q,
j,2h殳,
k,2忄交,
k,2才,
j,2石本,
k,2日冬,
k,2才圜,
k,4口日,2口,
象,4刀冖丨豕,
k,2土逢,
k,2土互,
k,2女英,
k,2女工,
j,2王羌,
k,2宀成,
a,2氵比,
c,2豕艮,
c,2足隹,
a,3木必皿,
a,2火,
_,2豕句,
c,2辶叟,
a,2氵水,
`,2耒巨,
`,2月白,
\,2豕殳,
f,2口谷,
`,2艹,
`,2艹巫,
f,2加乙,
`,2刀臼,
f,2女,
f,2宀弘,
f,2山有,
f,2山,
a,2疒多,
f,2比土,
f,2土射,
f,2女女,
a,4石丿一也,
a,3目目目,
f,2日功,
f,2木于,
f,2廴由,
f,2忄兆,
豚,2月豕,
f,1,2才内,3扌内,4手内,
c,2竹甬,
`,2天水,
`,2木弱,
c,2竹焉,
[,3亠R豕,2立豕,
Z,2豕屯,
`,2氵奔,
Y,2兀豕,
a,2亻惠,
a,2亻免,
`,2火熏,
c,2耒昔,
X,2豕丶,
a,2口妥,
a,2九十,
a,2召刂,
a,2女春,
`,4王弓丿丿,
a,2土益,
a,2土今,
`,2生生,
`,2疒回,
a,2山X,
a,2宀夭,
a,2才契,
a,2才心,
c,2角,
`,2目丰,
a,2木f,3木比土,
a,2木匕,
a,2日,
a,2才B,
a,2足其,
f,2薛米,
W,2S盍,
a,2豕且,
g,2木原,
f,2立,
f,2竹成,
g,2木,
f,2月尼,
d,2口兑,
a,3酉苊,
d,2台刂,
d,2台],
d,2亻弟,
f,2羊彡,
T,2N弟,
d,2山同,
g,2王丰,
d,2女者,
d,2宀毛,
d,2土舀,
d,2女千,
d,2口覃,
d,2土屯,
d,2日句,
g,2石令,
g,2禾乇,
R,2豆兼,
P,2豆卑,
d,2才云,
f,4衣厂二矛,
d,2忄旨,
f,2氵爪,
f,4氵日勹匕,
f,2氵堂,
f,2氵蔑,
豌,2豆宛,
f,2木,
`,2足襄,
f,3酉欠,
a,2月句,
a,2耒助,
g,2口角,
g,3小曰十,
a,2艹别,
a,2艹勾,
g,2亻来,
a,2月段,
f,2王卞,
g,2女重,
f,2王,
g,3山上下,
g,2井土,
g,2口尊,
g,2女乇,
g,2土留,
f,2石,
g,2才泵,
g,2木亏,
g,2日正,
g,2忄至,
g,2廴白,
g,2才不,
g,4忄R夫目,3忄?目,
r,2豆刂,
r,2血卩,
r,2口早,
r,5口口工口口,
r,2土台,
r,2麻土,
r,2女巴,
r,2女,
r,4宀口一川,3向一川,
r,2山攸,
m,3止止止,
r,3一弋二,
r,2忄匈,
r,2忄堂,
r,3才人彡,
r,2才茸,
m,2石奚,
N,2曲豆,
l,2衤虎,
m,2目申,
m,2白],
m,2疒易,
m,2田亡,
豉,2豆支,
l,2艹m,
m,2王丹,
m,2犭契,
o,2丹^,
l,2艹,
l,2艹南,
r,2亻欣,
l,2艹t,
o,2耳,
o,2羊火,
m,2亻叔,
m,2辛],
l,2火享,
n,3辛文辛,
l,2氵乾,
n,2叟阝,
l,3氵人彡,
o,2竹员,
n,2足卒,
l,2止寺,
o,2禾支,
o,2礻氏,
l,2日永,
l,2木乇,
I,2谷,
m,2才容,
m,2才丙,
m,2忄,
m,2忄夸,
m,2合廾,
豁,2害谷,
m,2山甫,
l,2王今,
l,3王王木,
m,2女夫,
l,2犭Z,
m,2土半,
m,2口就,
m,2口延,
m,2卩丶,
p,2口酉,
p,2口敦,
p,2夹刂,
p,2召卩,
p,2女文,
p,2秋女,
p,2土石,
r,2艹R,
r,2艹,
p,2弋二,
p,2宀呆,
p,2丑山,
p,2才布,
s,2白令,
p,2忄式,
p,2眯,
s,2日光,
s,2才,
s,2宀,
s,2木也,
s,2木楚,
r,2竹,
s,2氵,
s,3厂林止,
s,2氵,
s,2氵亭,
s,2火宛,
s,2氵静,
p,2亻备,
p,2亻~,
r,3耳人彡,
p,2也母,
m,3月囟比,
s,2艮刂,
s,2口w,
m,2羌厶,
s,2土莫,
s,2土,
s,3女左月,
s,2女亢,
r,2王禹,
s,4宀又R山,
r,2亩厶,
r,2疒林,
s,2甜心,
s,2忄在,
s,2才旁,
s,2才且,
l,2骨,
m,2角危,
r,2木弓,
r,3木山分,
r,2木袁,
r,2木鼎,
m,2虫彖,
m,2虫句,
r,2氵首,
r,2氵崇,
m,2艹棘,
r,2府火,
F,2谷空,
m,2艹,
s,2亻,
s,2亻虎,
n,2甫乙,
n,2亻肥,
E,2谷含,
n,2耳刂,
h,2月素,
D,2谷共,
h,2耒^,
h,2此月,
i,2木罪,
i,2木冥,
i,2木免,
i,2木凡,
k,2足,
k,2走出,
i,2氵未,
i,2止少,
i,2目示,
n,2才只,
n,2才a,
i,2丶田,
n,2山君,
i,3石囟比,
i,2石石,
n,2忄休,
n,2土鹿,
n,2女井,
n,2女威,
n,2宀孝,
n,2匚卩,
n,2口完,
n,2口敢,
n,3R宀土,
j,5屮户^一辛,
谳,2讠献,
h,2氵,
h,2火局,
k,2月母,
i,2戋刂,
k,2舌易,
i,2亻和,
h,2木宰,
k,2火禾,
h,2木川,
h,2木串,
k,2竹A,
k,2竹徙,
h,3止卜人,
h,2氵风,
i,2忄戚,
i,2忄危,
h,2口A,
h,2疒肖,
i,2日失,
j,2骨并,
i,2扌总,
i,2才友,
i,2朗土,
i,2爪土,
i,2口,
i,2口含,
i,2山尧,
i,2宀兆,
i,2女面,
i,2丸女,
n,2月羊,
l,2圭刂,
l,2折乙,
l,2亻表,
,2q,
o,2氵康,
o,2火,
n,2糸,
o,4刃刃止止,
o,4凵殳木,
i,3羊言言,
o,2氵,
o,3尸木,
o,2日龙,
o,5十日十人木,
n,2立令,
l,2才衾,
l,2才嬴,
l,2忄,
o,2石全,
l,2去廾,
o,2王敷,
l,2山邪,
l,3山高N,
l,2女宣,
l,2宀君,
l,2土朋,
l,2女,
l,2口童,
l,3一巛土,
n,2艹杏,
l,2口余,
i,2羊分,
o,2沙乙,
h,2束辛,
谰,2讠阑,
i,2舌L,
i,2月追,
n,2火卒,
n,2火,
i,2竹作,
让,2讠上,
n,2氵示,
n,2氵柔,
n,2日n,
n,2木亡,
h,2走氐,
n,2木晃,
o,2才冉,
o,2舂心,
o,2才褰,
o,2才c,
o,2山,
o,2山,
o,2忄回,
o,2弋一,
o,2女介,
n,2犭葛,
o,2宀作,
i,2艹刈,
o,2口利,
o,2工卩,
o,2土且,
o,2口,
z,2日女,
t,2艹m,
t,2艹今,
z,2山告,
,2l言,3隹隹言,
z,2弓欠,
z,3亠日心,
t,2月逢,
u,3目育攵,
u,2目末,
z,2昔刂,
z,2厂乇,
z,2口抖,
w,2隹,
z,2土,
z,2土章,
u,2此禺,
,2龙言,
u,2木耆,
u,2木豆,
t,2礻韦,
u,2日圭,
u,2才麋,
z,2],
t,2君羊,
t,2耳正,
u,2火蕉,
u,2火,
t,2糸,
w,2足春,
t,2米乞,
u,2氵失,
u,2女云,
u,2土爽,
u,2土弗,
v,2阝丙,
u,3石又口,
w,2丞月,
u,2O刂,
u,2亻愁,
u,2才可,
u,2忄彭,
t,2疒典,
u,2弓一,
u,2山夔,
t,2田夫,
u,2宀采,
u,2女冒,
,2讠寿,
v,2豸,
t,2木里,
w,2竹固,
t,2日亘,
w,2石艮,
t,2才盍,
w,2礻失,
u,2亻知,
v,2臭阝,
t,2火,
谴,2讠遣,
t,2氵郭,
v,2身,
t,2氵句,
譬,2辟言,
x,2宀青,
x,2余山,
x,2女,
x,2女扁,
x,2忄,
{,2田田,
x,2亡川,
x,2弓弓,
z,2耳耳,
z,2月灰,
x,2亻肴,
z,2舟令,
x,2土句,
x,2土戚,
z,2艹胙,
z,3艹瓜瓜,
{,2氵出,
z,2米比,
u,2豸比,
{,2氵m,
{,2火欣,
x,4十日干乞,
警,2敬言,
{,2火,
_,2敫言,
{,2才未,
{,2日共,
z,2礻必,
{,2木延,
{,2木,
z,2立屏,
{,2木,
{,2女酋,
{,2女,
z,2王e,
{,3宀井大,
{,2弓巨,
{,10巛囗V?丶丶?丶丶T,
z,2百百,
z,2目尼,
{,2亻,
{,2亻宛,
{,2厂干,
{,4禾勹丿刀,
u,2虫重,
u,2虫失,
{,2土勘,
{,2土令,
z,2歹勿,
z,2氵乍,
z,2氵荷,
z,2氵犀,
u,2禾皮,
u,2礻石,
{,2壹],
u,2石危,
z,2才乏,
z,2才臭,
谠,2讠当,
z,2日同,
z,2木元,
m,2行首,
z,2木埋,
u,2米刃,
p,2艹北,
v,3土八土,
谭,2讠覃,
v,2女不,
q,2王甘,
v,2坐刂,
v,2@卩,
v,2口狄,
v,2弓于,
v,2忄向,
s,2风占,
v,2才尼,
v,2女染,
v,2宀C,
v,2山辛,
q,2白巴,
q,2木岑,
q,2木乞,
q,2日兆,
q,2才蹇,
q,2氵司,
p,2米几,
q,2木辟,
r,2鸟,
q,2取灬,
q,2氵融,
v,3糸],
q,2氵X,
p,2耳戈,
p,2月,
谮,4讠日,2讠,
p,2羊弗,
q,2口翕,
讥,2讠几,
q,2多卩,
s,2艹尼,
q,2女是,
q,2女公,
s,2艹綦,
q,2土瓜,
q,2弋三,
p,2疒官,
q,2山利,
q,2宀,
s,2衤奄,
q,3才宀儿,
q,2有,
q,2忄夷,
p,2木弋,
p,2木完,
谲,2讠,
s,2禾古,
p,2止重,
p,2氵田,
p,2木虔,
p,2木遂,
证,2讠正,
p,2火空,
,2敢,
p,2氵崩,
q,2亻禁,
q,2亻育,
q,4十日十],
s,2耳矢,
规,2夫见,
t,2女中,
t,2口,
t,2土央,
t,2兀危,
t,2口走,
t,2亻S,
v,2艹囚,
w,4白二十二,
t,2才央,
v,2衤奇,
t,3忄V,
t,2山宏,
w,2王甲,
t,2女柬,
t,3宀元女,
w,2木庭,
w,2木j,
v,2内比,
w,2木解,
v,2石亥,
w,2才耆,
v,2礻右,
w,2日交,
q,2辶豚,
w,2火穹,
v,2羊完,
v,2耳出,
w,2氵畏,
w,2氵冬,
v,3R夫糸,2?糸,
w,2氵爽,
w,2土丘,
w,2口琴,
q,2舌詹,
w,2土票,
q,2艹聚,
w,2亻塞,
w,4口彐冖又,
w,2R卩,
w,2忄全,
w,2八t,
w,2才世,
谨,2讠堇,
w,2宀兔,
w,2女思,
v,2王睿,
w,2山成,
v,4木彐冖又,
q,2禾氏,
v,2木戢,
q,2石追,
q,2米乇,
q,2竹,
v,2日夸,
,2敖言,
v,2火朋,
v,2炙,
w,2亻咎,
w,2龟曰,3刀日电,
v,2氵加,
v,2氵帝,
v,2氵焉,
讴,2讠区,
谫,2讠剪,
,2忄喜,
,2奴手,
,3才日羽,
},2王X,
,2日弟,
,2木心,
谬,2讠,
,2高木,
|,2艹柔,
,2歹求,
,2氵氐,
,2氵訇,
谪,2讠,
|,2羊俞,
,3日日火,
},2火襄,
},2火隹,
,2莫言,
谟,2讠莫,
,2厂圭,
},2氵瓜,
},2歹生,
,2口其,
,2土堇,
,2土包,
},2木欠,
,2女乍,
,2宗山,
,2宀浸,
},2才兄,
},2忄惠,
},2忄芒,
,2余心,
,2目微,
,2才甘,
},3宀爿丙,
,2礻朱,
},2女分,
,2木丑,
},2土付,
,2竹录,
},2口冷,
},2厂氐,
謦,2言,
,2氵省,
,2帛系,
谣,3讠缶,
|,2火夜,
,2火q,
|,2氵,
,2一@,
,2口阻,
,2口蜀,
,2并V,
|,2歹夭,
,2女元,
,2须女,
,2土矢,
,2土,
~,2衤重,
,2弓召,
,2宀侵,
|,2才去,
谢,2讠射,
讲,2讠井,
谦,2讠兼,
谤,2讠旁,
},2革兀,
},4集集集木,
},2阝,
谜,2讠迷,
h,4火火冖言,
谎,2讠荒,
c,3日共言,
謇,4宀井大言,
诌,2讠刍,
誊,3R夫言,2?言,
谓,2讠胃,
},2酉需,
},2巢阝,
},2辶筮,
},2辶亏,
谚,2讠彦,
诸,2讠者,
|,2圭w,
},2走卓,
谙,2讠音,
},2豸亘,
谘,2讠咨,
谕,2讠俞,
H,3禾尤言,
|,2高亢,
谐,2讠皆,
衡,4行刀田大,
谔,2讠@,
},2衤氏,
诨,2讠军,
},2虫毒,
},2虫列,
|,3隹隹隹,
},2艹,
},2艹,
},2艹桂,
},2苔木,
},2艹即,
},2艹,
},2舟,
谝,2讠扁,
,2讠胥,
|,5酉六井一?,
},3羔一夫,
谀,2讠臾,
,2山二,
,2攸火,
,2亻敫,
谂,2讠念,
,2厂缶,
,2口金,
},2竹虎,
},2立曾,
|,2豸聿,
,2女,
},2此示,
,5宀一丶丁,
,2山角,
,2召巳,
},2目丙,
~,2山良,
y,2王柔,
~,2弓氐,
~,2忄甬,
~,2土庶,
~,2女丰,
y,2疒隹,
~,2宀J,
~,2厂乍,
~,2口沙,
~,2口詹,
~,2土乎,
~,4一R|肀,
~,2亻,
x,2艹仙,
~,2其刂,
y,2氵崔,
{,2走念,
y,2氵本,
y,2歹斤,
{,4辶口口,
y,4火言火火,
y,2火易,
y,2氵G,
y,2日至,
x,2礻召,
y,2才{,
y,2才丕,
,2侃言,
y,2木唐,
y,2木困,
y,2木止,
y,2山更,
y,2宀隹,
y,2女胃,
x,2王召,
y,2忄祭,
y,2忄并,
y,2弓巴,
y,3一巛工,
y,2刀厂,
y,2并刃,
y,2亻h,
y,2亻卒,
诹,2讠取,
y,2土穴,
诤,2讠争,
y,2口贡,
x,2氵禹,
x,2氵,
x,2卜夕,
x,2氵卉,
x,2火羲,
请,2讠青,
x,2氵,
x,2火芮,
{,2石共,
诿,2讠委,
x,2才失,
x,2才辱,
x,2木茸,
{,2禾令,
x,2木亡,
x,2木局,
|,3弓屮又,
~,2秋虫,
|,2沂山,
~,2衣牙,
|,2女胡,
|,3宀心皿,
~,3艹禾曷,
|,2女斤,
|,3广口,4广亻隹口,
|,2土宁,
|,2厂牙,
|,2口两,
~,2羊原,
|,2非刂,
谈,2讠炎,
~,2末成,
,2其言,
y,2身],
y,2足是,
y,2走金,
y,2酉G,
~,2竹博,
~,2米亢,
y,2辶十,
~,4礻丿一氏,
~,2禾氐,
y,2角黄,
~,2立登,
~,2目半,
y,2豸出,
~,2石乔,
谇,2讠卒,
y,1,2?虫,3土戈虫,
~,2田冉,
~,2疒重,
~,3白白白,
y,2衤肯,
~,2犭益,
~,2王且,
y,2虫是,
课,2讠果,
y,2月率,
y,2月色,
y,2耳吉,
y,2艹唐,
y,2艹昨,
y,2艹狃,
y,2艹弘,
~,3氵山K,
~,2敏泉,
~,2火育,
~,3火火龠,
~,2木剽,
~,2歹血,
~,2氵乎,
~,2氵苗,
~,2日旱,
~,2木屯,
~,2木利,
~,2木奚,
~,2忄登,
~,2才加,
~,2才益,
y,2禾丕,
,2比木,
,2木秉,
,2木疾,
,2木^,
,2歹,
,2氵付,
,2氵@,
,2疒者,
,2巾丁,
,2辶屯,
,2狄心,
,2忄策,
,2才西,
,2才害,
,2支力,
,2日免,
,2道口,
,2舟良,
k,2昌,
,2后土,
,2知耳,
,2女末,
,2王留,
,2曼阝,
,2将虫,
,2虫多,
,2亠但,
,2革,
诲,2讠每,
,2人隹,
,2艹津,
,2度刂,
,2禾宅,
,2木n,
,8木丨一幺幺一幺幺,
,2竹垂,
,5氵丿?丨丿,2氵?,
,2米末,
,2氵象,
,2氵柬,
,2弓朋,
,2彐巾,
,2鹿且,
,2忄甫,
,2目X,
,2才艮,
,2日典,
,2立支,
,2次土,
,2艹,
,2艹衍,
,3艹攸月,
,2王有,
,2敝犬,
,2女玄,
,2女留,
,2火甚,
,2氵翼,
,2纟衰,
,2羽,
,2耳亭,
,2月每,
,2亻其,
,2舟皇,
,2日希,
,2木手,
,2般手,
,2礻告,
,2鱼刀,
,2才它,
,2弓肖,
,2忄余,
,2足真,
X,9幺幺一丨一幺幺虫虫,
,2氵正,
,2氵美,
,2竹也,
,2歹克,
,2木志,
,2般木,
,2口羌,
,2厂,
,2京刂,
,2舟帛,
,2亻垂,
,2二,
,2火N,
,2羽工,
,4巳巳一八,
,2田亥,
,2宀真,
,2女袁,
诫,2讠戒,
,2土崔,
,2土自,
,2口,
,3公木,
,2日成,
,5才穴瓜瓜瓜,
,2才栗,
,2目耳,
,2忄覃,
,2忄戒,
,2弓O,
,2米鹿,
,2氵,
,2氵哉,
,2氵以,
,2歹隶,
语,2讠吾,
,2木舀,
,2木来,
,2口典,
,2艹未,
,2土,
诮,2讠肖,
,2女可,
,2般女,
,2火,
,2山昆,
,2虫吉,
,2雨央,
,2王柬,
,3亠日小,
,2亻京,
,2菲心,
,2砉刂,
,2厂非,
,2才舀,
,3目目空,
,2折日,
,2木月,
R,2孛,
,2折心,
,2忄隋,
,2才丘,
,2氵尻,
,2竹斯,
,2氵窒,
,2氵Y,
,2木连,
,2木鬲,
诞,2讠延,
,2歹,
,2月免,
,2耳卑,
,2口昔,
,2纟壬,
誓,2折言,
,2靡灬,
,2亻朋,
,2丶丌,
,3宀王缶,
,2女辱,
诶,2讠矣,
,2山居,
,2土聿,
,2口雍,
,2女主,
,2土,
,2石余,
,2才骨,
,2木匀,
,2日折,
,2忄吝,
,2弓享,
,2才I,
,2忄敦,
,2氵奈,
,2氵,
诳,2讠狂,
,2氵敝,
,2木荀,
,2木兑,
,2歹奄,
,2木箕,
,2厂至,
,2口,
,2酉,
,2刂,
},2朱w,
,2亻炎,
诛,2讠朱,
,2耳并,
,2山沓,
,2丞己,
,2田寺,
,2宓冉,
,2土,
,2女召,
,2口敫,
,2革丑,
,2才乍,
诖,2讠圭,
,2忄O,
,2目愁,
,2木殳,
,2木兵,
诙,2讠灰,
,2日,
,2竹林,
,2氵平,
,2木骨,
,2木葱,
,2氵e,
,2火,
,2氵英,
,4氵彳攵月,
,2亻楚,
,2亻典,
,2二二,
,2耳或,
,2舟里,
,2口委,
,2艹奔,
,2事刂,
,2女俞,
,2女石,
,2土郭,
,2土凹,
,2弓臣,
,3厂一巴,
,2山佥,
,2宀是,
,2才扇,
,2切衣,
,2白高,
,2忄f,
,2禾巨,
,2木化,
,2石殷,
,2礻羽,
,2氵此,
,2米丑,
,2木w,
,2竹C,
,2火卑,
,2身S,
,2氵敕,
,2氵,
,2耳青,
,2X刂,
,2厂辛,
,2口奄,
,2艹母,
,2艹沐,
,2月童,
,2舟孚,
,2女茸,
,3宀瓜瓜,
,2艹m,
,2艹衮,
,2疒俞,
,2土各,
,2土焉,
,2砼,
,2氵食,
诜,2讠先,
,2氵繁,
,2竹波,
,3丨一人,
,2穴井,
,2禾甫,
,2亻昆,
,5厂林]丶丶,
,2折石,
详,2讠羊,
,2口空,
,2土番,
,2土宅,
,2女冥,
,2女民,
,2九虎,
,2山,
,2巾末,
,2艹逐,
该,2讠亥,
,2忄,
,2才灰,
,2才窄,
,2白攵,
,2户攵,
,2木斗,
,2非木,
,4士冖石木,
话,2讠舌,
,2歹寅,
,2氵再,
,2扎糸,
,2足鹿,
,2火星,
,2氵霜,
,2鱼则,
,2亻舞,
诡,2讠危,
,2亠g,
,4亠R冂古,
,2喜丕,
,2艹休,
,2厂敖,
,2女句,
,2女原,
,3土土土,
,2犭舄,
,2山垂,
,2宀惠,
,2田,
,2巾,
,2皮包,
,2利心,
覆,2,
,3才厂氏,2才?,
,2日政,
,2占攴,
,2木非,
,2木今,
,2木需,
,2竹屏,
,2氵丞,
,2米庄,
,2水皿,
,2氵音,
,2足,
,2米同,
,2木,3木公心,
,2礻固,
,2日卓,
,2木分,
,2目,
,2奇支,
,2忄番,
,2才任,
,4弓丙一弓,
,2王q,
,2山卒,
,2巾分,
,2王羊,
,2女鬼,
,2女申,
,2犭敝,
,2土兆,
诗,2讠寺,
,2口,
,2厂w,
,2屋刂,
,2本羽,
,2亻放,
,3亠回旦,
,2火革,
,2辶主,
,2氵惠,
,2氵,
,3氵立月,
试,2讠式,
,2歹j,
,2足堂,
,2木兼,
,2木青,
,2亻,
,2日卒,
询,2讠旬,
,2才真,
,2口采,
,2口翠,
,2忄希,
,2弓,
,2巾巴,
,2山固,
,2艹徵,
,2王羽,
,1,2犭黄,3犬黄,
,2雨沈,
,2艹念,
,3艹甾一,
,2舟扁,
,2艹各,
,2月辰,
咏,2口永,
,2羽a,
,2耳葱,
,2丿小,4丿丶丶丶,
,2火奎,
,2氵,
,2女阝,
,2竹昆,
,2歹臭,
,2氵艮,
,2氵某,
,2日周,
,2木夫,
,2其木,
,2呆呆,
,3目厂氏,
,2才存,
,2才秦,
,2@攵,
,2山,
,2氏巾,
,2石,
,2忄免,
,2女禾,
,2犭,
,2王夙,
,2女真,
,2口卓,
,2厂堇,
,2土光,
,2雨甘,
,2亻宗,
,2享单,
,2辶天,
,4辶夕言系,
,2舟居,
,2氵戴,
,2火重,
v,2咸角,
,2歹,
,2木旖,
,2氵恬,
,2氵舟,
,2木,
,2日炎,
,2木畜,
,2木采,
,2才多,
,2衤幼,
,2巳攵,
,2才鬲,
,2踅,
,2田母,
,2医心,
,4宀井大弓,
,2犭,
,3宀爿言,
,2王j,
,2女必,
,2口歆,
,4土户^一,
,2厂泉,
,2口析,
,2亻疑,
,2Z刂,
,5亠口冂土九,
,2亻C,
,2氵襄,
,2氵琶,
,2爪包,
,2火,
,2木真,
,2禾朱,
,2木开,
,4禾勹丿木,
,2氵癸,
,2氵,
,2敢食,
,2氵生,
,2忄告,
,2忄粟,
,2一巾,
,2~土,
,2石甬,
,2日完,
,2礻戒,
,2才,
,2土乾,
,2土多,
,2口虞,
,2口於,
,2山昏,
,2艹雅,
,6女彳山一儿攴,
,2女失,
,3亠口日,
诏,2讠召,
,2氵],
,2缶卩,
,2厂垂,
,2奄刂,
,4舟凶八夂,
,4十日十人,
,2竹亡,
,2木辱,
,2禾至,
,2木毛,
,2氵焦,
,2氵拾,
,2氵穴,
,2歹昏,
,2厥心,
,2目羊,
,2弓京,
,2丿巾,3一巾,
,2日告,
,2才蠡,
,3手穴瓜,2才,
诒,2讠台,
,2土善,
,2加女,
,2女秦,
,2艹取,
,2厂真,
,2口乳,
,2王舟,
,2土伏,
,3亠兼丿,
,2亻直,
,2亻遣,
,2◆,
诈,2讠乍,
,2舟念,
讵,2讠巨,
,2月延,
詈,2言,
诋,2讠氐,3言氏丶,
,2厶厶,
诂,2讠古,
,2口鼻,
,2口陷,
,2土覃,
,2土当,
,2艹温,
,2氵伏,
,2氵胤,
,2氵粟,
訾,2此言,
,2炎占,
,2亻工,
,2月妥,
,2才各,
,2才,
,2各攵,
,2疒族,
,2田,
,2幸瓜,
,2王舀,
,2木熏,
,2女央,
,3女男女,
,2竹冬,
,2山卑,
,2如巾,
,2弓,
,2忄吴,
,2辟心,
,4未攵厂刀,
,2月利,
,2亻具,
,2亻暴,
,2土共,
,2土盛,
,2口屈,
,2足庶,
,2氵c,
,2米里,
,2氵曾,
,2氵是,
,2灬,
,2人冫,3人丶丶,
,2雍缶,
,2羽军,
,2才舂,
,2才交,
,2衤付,
,2余攴,
,2木固,
,2穴交,
,2竹瓜,
,2木,
,2不要,
,2女甘,
,2鱼w,
,2宀S,
,3田田田,
诉,2讠斥,
,2皮,
,2忄宗,
,2亻事,
,2人人,
,2火秋,
,2合羽,
,2氵翕,
译,4讠又二丨,
,2氵危,
,2氵柏,
,2付女,
,2敦土,
,2土合,
,2艹推,
,2午吾,
R,2虫瞿,
,2艹圭,
,2亻{,
,2忄,
,2才至,
,2衤差,
,2忄良,
,2山青,
,2巾百,
,4田R夫土,3田?土,
,2宀h,
,2竹甲,
,2歹就,
,2木,
,2竹春,
,2日易,
,2木夭,
设,2讠殳,
,2句攵,
,2亻采,
,2亻,
,2爻且,
,3一丿厶,
,3户戈口,
,4氵臼勹灬,
,2氵胥,
,2惰土,
,2钅开,
,2艹隆,
,2艹垂,
,2讠凶,
讷,2讠,
,2艹列,
,2月呈,
,2亻乇,
,2才光,
,2忄,
,2囱心,
,2昔皮,
,2亦巾,
,2山金,
,3宀爿臬,
,2女素,
,2竹胡,
,2耗,
,2木真,
,2木昏,
,2木厄,
,2日奄,
,2民攵,
诀,2讠,
,2火英,
讼,2讠公,
,2亻武,
,2人十,
,2氵存,
,2氵,
,2氵巽,
,2氵S,
讶,2讠牙,
,2口^,
,2女市,
,3阝彖土,
,2刂,
,2雨言,
,2口C,
,2艹A,
,2虫臭,
,2言心,
,2忄就,
,2王秦,
,2女弱,
,2宀疑,
,2目坐,
,2臼巾,
,2穴包,
,2木贾,
,2木綦,
,2歹粲,
,4才穴人夕,
,2矛攵,
,2日宛,
,2木爪,
,2亻八,
,2者火,
,2吉羽,
记,2讠己,
,2氵建,
觌,2卖见,
讫,2讠乞,
,2氵敦,
讪,2讠山,
,2女半,
,2口翟,
,2土羊,
,2厂敞,
,2口享,
,2山言,
,2彖刂,
,2忄利,
,3十豆皮,
,2才朵,
,2虍且,
,2王充,
,2女舀,
,2巾并,
,2山函,
,2木隽,
,2竹占,
训,2讠川,
,2木蜜,
,2合攴,
,2足,
,2木云,
,2日林,
,2氵蹇,
,2鹿咎,
,2辶回,
,2氵集,
,2羽失,
,2亻松,
,2人一,
讧,2讠工,
,2口窨,
,2口幸,
,2厂晷,
,2E刂,
,2女差,
,2女乏,
,2氵蕈,
,2艹舄,
,2巾,
讯,2讠_,
,2虫,
,2虫解,
,2才,
,3合手手,
,2忄亨,
,2目瞢,
,2木互,
,2木,
,2干攵,
,2日,
,2歹堇,
,2氵亦,
,2米百,
,2木豪,
,2鼓登,
訇,2勹言,
,2亻厶,
,2亻奔,
,2耳翁,
,2月束,
,2缶并,
,2羽立,
,2口e,
,2土守,
,2土尊,
,2女令,
,2王旬,
,2犭童,
,2艹侵,
讣,2讠卜,
,2业,
,2代巾,
订,2讠丁,
,3虫囟比,
,2才拳,
,2才c,
,2白爵,
,2忄呈,
,4木日一寸,
,2木牙,
,2析日,
,2分攵,
,2氵灰,
视,2礻见,
,2竹元,
,2木卓,
言,3二二口,4丶一二口,
,2役土,
,2女庸,
,2女舌,
,2山俞,
,4禾勹丿金,
,4彐米分廾,
,2宏羽,
,2忄,
,2忄空,
并,2R开,
尝,3小冖云,
储,2亻诸,
,2兑攵,
盯,2目丁,
,2木末,
涪,2氵,
,3穴元女,
孩,2子亥,
虎,2虍儿,
,2石敫,
,2氵突,
劲,2圣力,
,2目易,
,2亻,
,2片a,
垄,2土龙,
,2芡,
,2口和,
泞,2氵宁,
,2廉刂,
,2U去,
,2钅舌,
~,2疑角,
,2女向,
,2女康,
触,2角虫,
,2山皇,
觯,2角单,
,3彐冖果,
,2忄妻,
,2忄敫,
,2才夷,
蟾,2虫詹,
觳,4士冖角殳,
,2日曷,
,2木包,
w,3角羊牛,
,2木既,
,2讠皮,
u,2角者,
,2氵夷,
,2氵施,
,2门言,
s,2角奇,
,2火眉,
,2亻少,
,2饣衣,
,3文虫虫,
,2亻重,
,2雨,
,2革O,
p,2角求,
,3斤斤口,
,2土安,
,2舟^,
,3此口口,
,2大厶,
o,2角汞,
,2周羽,
,2亻舍,
,2亻勺,
,2火爰,
,2爿庸,
,2氵\,
,2氵t,
,2氵寺,
,2氵皆,
,2木魁,
,2米卑,
,2木,3木囗禾,
,2木寄,
,2日恒,
,2穴,
,2才,
,2目戾,
,2鱼泉,
,2才同,
,2田,
,2亻反,
,2山卒,
,2巾兑,
,4女刀内比,
,2寸,
,2土登,
,2此女,
,2艹底,
,2艹咸,
,2钅奇,
,3艹由V,
,2月卒,
解,3角刀牛,
l,3丰刀角,
k,2角各,
j,3R夫角,2?角,
,2火X,
,2氵g,
,2氵,
,2米录,
,3氵八月,4氵水八肉,
,2竹,
,4足大己,
,2穴成,
,2竹民,
,2木丹,
,2日施,
,2辰攵,
,2石遂,
,2如手,
,2矛,
,3R夫虫,2?虫,
,2皮,
,2巾肖,
,2山屈,
,2王,
,2女,
,2女巨,
,2革,
,2口妻,
,3厶厶厶,
,2月吴,
觜,2此角,
,2亻英,
,2上人,
,2蜀刂,
,2亻豪,
,2氵智,
g,2角旦,
,2火咸,
,2片半,
,2木凳,
蠊,2虫廉,
,2氵,
,2氵炭,
,2礻酋,
,2木占,
f,2角及,
,2木彗,
,2忄詹,
,2才列,
,2才逢,
,2伸攵,
,4虍O一八,
,2巾辰,
,2弓矍,
,2犭,
,2目典,
,2女任,
,2疒敕,
,2叵寸,
e,2角少,
,2艹伐,
,2九厶,
,2口宛,
,2羽京,
,2刂,
,2亻干,
,2亻耶,
,2鼠它,
,2氵v,
,2片召,
,3足人彡,
,2主殳,
a,2角L,
,2氵禺,
,2氵考,
,2礻爰,
,2禾直,
,2木庸,
,2木罔,
,2才宅,
,2忄,
,2讠乇,
,4凵殳石,
,2虫良,
,2山金,
,2忄戾,
,2卜皿,
,2女同,
,2土黄,
,2王呈,
,2女旋,
,3原原原,
,2崩刂,
,2波金,
,2亻奈,
,2艹近,
,2艹,
,2钅芒,
,2艹泉,
,2氵封,
,2竹塞,
觐,2堇见,
,2氵而,
,2人山,
,2句阝,
,2氵,
觊,2岂见,
,2c攵,
,2日昌,
,3才上下,
,2石W,
,2穴孝,
,2木翟,
,2竹削,
,2木戾,
亲,2立木,
览,6丨丨丿一丶见,
,2女冉,
,2女旁,
,2疒,
,2甾C,
,2巾合,
,2弓S,
蚕,2天虫,
,3口亠回,
`,2典见,
,2土辛,
,2亻小,
,2艹曹,
,2艹c,
,2答刂,
,2足曹,
,2氵奕,
,2氵行,
,2龠皆,
,2缶掌,
,2爿羊,
,2火Z,
,2n阝,
,2日往,
,2攴,
,2才宿,
,2才臣,
,2竹出,
,2竹律,
,2木育,
,2木升,
,2山委,
,2工瓦,
,2女郎,
,3玉几,
,1,3〈蟪,5木爻木大虫,
,2目炎,
,2弓,
,3R夫巾,2?巾,
,2丽彡,
,2巾侯,
毪,2毛牟,
,2忄果,
勃,2孛力,
唱,2口昌,
去,2土厶,
,2痣,
芝,2艹之,
,2口岩,
,2殿土,
,2土角,
,2女庶,
,2蹬,
啸,2口肃,
,2上小,
,3火R豕,
,3人匚一,
堀,2土屈,
,3丿十丿,
讠,5丶一二口,
,2^支,
,2亻是,
,2亻襄,
丢,2丿去,
,2木尼,
浈,2氵贞,
悭,2忄坚,
,2氵夙,
幞,2巾,
吉,2士口,
姜,2羊女,
亭,4亠口冖丁,
,2或彡,3或丿丿,
,2忄享,
恣,2次心,
嗓,2口桑,
胜,2月生,
戋,2戈一,
椐,2木居,
,2口罗,
单,3R甲一,
,2防土,
偿,2亻尝,
,2女臣,
,2女,
,3丿一小,
,2山待,
茎,2艹圣,
渐,2氵斩,
,2亻公,
互,2一,
亥,3亠□人,
冥,3冖日大,
,3十口又,2支口,
伐,2亻戈,
匹,2匚儿,
妞,2女丑,
悚,2忄束,
氓,2亡民,
幛,2巾章,
,2氵曳,
昆,2日比,
啶,2口定,
抬,2才台,
,2山封,
围,2囗韦,
瞀,2目,
,2女后,
,2土W,
,2土旱,
,2口暴,
丹,3冂丶一,
籀,3竹扌留,
支,2十又,
乍,3丿B二,
堡,2保土,
惜,2忄昔,
咬,2口交,
学,3小冖子,
堙,3土西土,
兢,2克克,
蕨,2艹厥,
,2亻互,
丕,2不一,
,2亻`,
,2木瓠,
侑,2亻有,
扭,2才丑,
悃,2忄困,
妲,2女旦,
膜,2月莫,
唰,2口刷,
擐,2才,
,2片旁,
坤,2土申,
搿,3手合手,
苔,2艹台,
,2女匿,
桅,2木危,
铅,3钅几口,
圈,2囗卷,
,2口慧,
,2沂土,
应,3广小一,
厂,2一丿,
咋,2口乍,
掸,2扌单,
哀,2衣口,
,2兴手,
钵,2钅本,
姚,2女兆,
姬,5女[丨口丨,
堞,2土,
晶,3日日日,
,2氵星,
抚,2才无,
卅,2川一,
佴,2亻耳,
恭,2共心,3共小丶,
,2口卸,
洇,2氵因,
僻,2亻辟,
姒,2女以,
困,2囗木,
,2亻月,
幡,2巾番,
,2片扁,
恕,3女口心,
省,2少目,
伞,3人R十,
取,2耳又,
,2乖土,
巍,2山魏,
,3女女干,
,2土敫,
印,2n一,3[一卩,
处,2夂卜,
,5木亠十丿丨,
小,2八|,
住,2亻主,
唉,2口矣,
宝,2宀玉,
,2忄e,
,2氵重,
凇,2冫松,
佟,2亻冬,
亍,2一丁,
乏,2丿之,
,2木或,
功,2工力,
堋,2土朋,
,3人心,4人小丶,
摩,2麻手,
帷,2巾隹,
唷,2口育,
,2亻今,
,2亻春,
力,2丿?,
娄,2米女,
,2女堇,
瑁,2王冒,
,2山酋,
,2巾宛,
,2口n,
,2土序,
,2虎,
睿,6卜冖一八人目,
场,4土弓丿丿,
,2攴,
,2日星,
啊,2口阿,
,2寻^,
丁,2一|,
怠,2台心,
,2扌寻,
弧,2弓瓜,
,2氵,
埂,2土更,
浮,2氵孚,
俊,2亻,
尽,2尺冫,
健,2亻建,
,2者殳,
谩,2讠曼,
,2亻,
,2口卦,
,2L又,
恰,2忄合,
啤,2口卑,
,2亻屏,
,2亻丰,
,2∨,
,2女亥,
耍,2而女,
,2土孚,
停,2亻亭,
,3F冖巾,
希,2V布,4V一丿巾,
危,2y?,3刀厂?,
眩,2目玄,
,2才耳,
,2忄葱,
,2忄官,
,3木爻木,2林爻,
,2穴或,
,2日,
,2礻彖,
伲,2亻尼,
兀,2一儿,
,2木X,
冢,2冖X,
,3目目火,
埽,2土帚,
撸,2扌鲁,
,2氵e,
幔,2巾曼,
啵,2口波,
悖,2忄孛,
,2口青,
澹,2氵詹,
洌,2氵列,
,2亻夭,
,2亻禹,
,2女吉,
,2女曼,
,2土邦,
刷,3尸巾刂,
,2尹吊,
廷,2廴壬,
,2甫寸,
息,2自心,
保,2亻呆,
埃,2土矣,
尧,2□兀,
,2敬心,
寓,2宀禺,
,2木昔,
,2吾攵,
叮,2口丁,
丌,3一丿丨,
佗,2亻它,
唬,2口虎,
海,2氵每,
剑,2佥刂,
,2Z火,
浚,2氵,
撷,2才颉,
啖,2口炎,
,2亻前,
,2亻U,
恽,2忄军,
洧,2氵有,
模,2木莫,
,3一由厶,
疲,2疒皮,
原,3厂白小,2厂泉,
挡,2才当,
噎,2口壹,
凡,2几丶,
协,2十办,
共,2井八,4二丨丨八,
憩,3舌自心,
徊,2彳回,
氍,2瞿毛,
,2氵春,
楝,2木柬,
坎,2土欠,
啦,2口拉,
敛,2佥攵,
瀣,2氵,
,2亻勿,
,2口刀,
,2斤力,
猸,2犭眉,
,2口昱,
喹,2口奎,
,2折土,
蕲,3艹单斤,
,3女几,
墉,2土庸,
,2采,
,2彳公,
侪,2亻齐,
安,2宀女,
,2忄卷,
,2敖手,
巢,2巛果,
喘,2口Z,3口山而,
抄,2才少,
,2木司,
杯,2木不,
犀,5尸二丨二牛,
懑,2满心,
同,3冂一口,
,2氵光,
戬,2晋戈,
态,2太心,
殳,2几又,
尸,3?一丿,
,2亻及,
瀵,2氵S,
努,2奴力,
,2亻背,
,2力],
洮,2氵兆,
,2口甚,
猬,2犭胃,
,4土彐冖又,
喱,2口厘,
,2列女,
,2女辜,
,2八儿,
墁,2土曼,
佻,2亻兆,
弓,3?一?,
,2和心,
噩,5王口口口口,8一口口一口口一丨,
宅,2宀乇,
,2才竟,
,2攵,
船,3舟八口,
,2才沙,
盈,3乃又皿,2嗝,
委,2禾女,
,2容彡,
携,2才隽,
,2山柱,
,3小小小,
,2女雩,
,2女光,
,2土,
,2土,
,2口黎,
,2口卷,
,3尸二又,
獐,2犭章,
岑,2山今,
浏,3氵文刂,
惘,2忄罔,
楷,2木皆,
垃,2土立,
喁,2口禺,
忒,2弋心,
,2氵砉,
侬,2亻农,
墀,2土犀,
含,2今口,
番,2采田,
寨,4宀井大木,
惮,2忄单,
冬,2夂冫,
帛,2白巾,
悲,2非心,
疮,2疒仓,
,2才呈,
彤,2丹彡,
,2沾心,
,2山@,
挟,2才夹,
僧,2亻曾,
十,2一丨,
,2土,
坍,2土丹,
,3吉吉吉,
,2土甬,
,4又又又又,
,2口的,
,2簇,
怜,2忄令,
,2亻@,
,2亻予,
莓,2艹每,
,2力,
弋,3一U丶,
刊,2干刂,
函,2凵,
汞,2工水,
郛,2孚阝,
化,2亻匕,
债,2亻责,
弹,2弓单,
,3日缶,
,2木立,
,2才每,
些,2此二,
,2a攴,
串,3口口丨,2中口,
,2巾曷,
冤,2冖兔,
,2其心,
爱,3冖友,
,2女夸,
楱,2木奏,
妯,2女由,
,2女F,
桐,2木同,
,2去及,
,3山水土,
施,4方丿一也,
岍,2山开,
喋,2口,3口世木,
,2亻,
,2亻屋,
濠,2氵豪,
井,3二丿丨,
悌,2忄弟,
喇,2口剌,
侃,3亻口川,
丞,2橐,
划,2戈刂,
,2氵并,
,2木乏,
堠,2土侯,
,2木,
府,2广付,
,2忄h,
癌,3疒品山,2疒,
唯,2口隹,
,2易攵,
,2山甚,
炸,2火乍,
,2票彡,
博,2十,3十甫寸,
,4臼爻冖土,
,2女旬,
,2敖女,
,2Y小,
,2灾又,
,2口单,
慝,2匿心,
栓,2木全,
啜,2口,
,2亻屯,
,2靡刂,
京,3亠口小,
洙,2氵朱,
末,2木一,
猕,2犭弥,
悒,2忄邑,
供,2亻共,
俯,2亻府,
吱,2口支,
专,3二丨?,
僵,2亻,
,2木半,
哗,2口华,
憨,2敢心,
汐,2氵夕,
报,3才卩又,
勋,2员力,
,2巾其,
川,3丿丨丨,
,2炎攴,
,2才既,
垣,2土亘,
妾,2立女,
偏,2亻扁,
瑾,2王堇,
全,2人王,
,2山施,
,2人小,
,3女革大,
,2女至,
,2亻t,
,2亻者,
岖,2山区,
卡,2上下,
惬,2忄L,
浓,3氵农脓,
瀚,2氵翰,
浍,2氵会,
撰,2才巽,
,3木酉灬,
佾,3亻八肉,
孬,2不好,
,2氵黍,
建,2廴聿,
,2氵交,
塬,2土原,
,2忄昆,
恁,2任心,
,2巾妾,
,3丶又彡,
倡,2亻昌,
营,3艹冖吕,
元,2二儿,
传,2亻专,
,2土岑,
仟,2亻千,
,2口者,
,5口口臣口口,
,2小T,
,2山帝,
,2女年,
酮,2酉同,
,2亻王,
擢,2才翟,
嗒,2口E,
岐,2山支,
,2丿友,
悛,2忄,
,2攸黑,
,2亻彦,
帆,2巾凡,
东,3一?小,
公,2八厶,
侏,2亻朱,
猾,2犭骨,
,2氵森,
塥,2土鬲,
极,2木及,
汉,2氵又,
俚,2亻里,
己,3?一],
椎,2木隹,
值,2亻直,
,2亻夫,
篮,2竹监,
拥,2才用,
埠,2土阜,
岬,2山甲,
嗟,2口差,
叩,2口卩,
,2木,
,2木失,
艿,2艹乃,
,2木离,
,2女,
傻,4亻囟儿夂,
,2品山,
堑,2斩土,
宕,2宀石,
娲,2女呙,
愦,2忄贵,
,3心心心,
,2,
,3亻女疋,
,2口子,
系,3丿幺小,
泶,3小冖水,
,2口面,
氪,2气克,
,2土卷,
俅,2亻求,
沟,2氵勾,
傅,3亻甫寸,2亻,
卮,3厂一卩,
兜,5匚白?一儿,
执,2才丸,
哟,3口约,
源,2氵原,
岽,2山东,
恋,2亦心,
叽,2口几,
啻,2帝口,
,3木二水,
,2木具,
嫉,2女疾,
坏,2土不,
,2女全,
,2女墨,
,2尢危,
却,2去卩,
,2巾,
,2彳圭,
娣,2女弟,
宸,2宀辰,
,2亻酋,
掖,2才夜,
暗,2日音,
,2口口,
,2口要,
,2喜否,
罘,2不,
檀,2木,
勾,2勹厶,
捍,2才旱,
反,2厂又,
俜,2亻j,
,2木矛,
,2日皋,
址,2土止,
创,2仓刂,
喾,3小冖告,
叻,2口力,
夥,2果多,
来,2一米,
,3泉泉泉,
敬,2攵,
淮,2氵隹,
即,2艮卩,
,2女有,
欠,2刀人,
史,2口V,
煞,3刍攵灬,
,3口口州,
,2口入,
品,3口口口,
娑,2沙女,
,2才妥,
戏,2又戈,
,2易心,
,2彳氐,
,2巾舀,
,2山亭,
,2餐,
,2女隋,
锥,2钅隹,
囟,3丶囗V,
俣,2亻吴,
,2木曼,
佣,2亻用,
撤,3才育攵,
斗,3丶丶十,
侄,2亻至,
,2亻皇,
,2亻斤,
岫,2山由,
,5丿?丨丿,2?,
挤,2才齐,
环,2王不,
,2氵夸,
椒,2木叔,
,5土衣八井一,
,2女合,
啥,2口舍,
,2土,
,2九口,
瓯,2区瓦,
哦,2口我,
,2亢力,
胺,2月安,
卸,3午止卩,
卜,2丨丶,
,2忄炎,
,2山爰,
,2般巾,
,2女焦,
味,2口未,
妆,2丬女,
付,2亻寸,
,2比毛,
员,2口贝,
扯,2才止,
炊,2火欠,
刀,2?丿,
乇,2丿七,
,2亻厄,
,2亻,
炼,3火东一,
露,2雨路,
惚,2忄忽,
獗,2犭厥,
岜,2山巴,
啾,2口秋,
,2土,
票,2示,
,2女先,
灏,2氵颢,
吮,2口允,
时,2日寸,
杀,3V一小,2V木,
,2口工,
媳,2女息,
伪,2亻为,
倍,2亻,3亻立口,
戆,5立早攵页心,
,2兀王,
冶,2冫台,
,2巾家,
,2山禺,
,2木录,
侗,2亻同,
园,2囗元,
幢,2巾童,
,2才曼,
,5卜冖一米攵,
匕,2]丿,
侔,2亻牟,
勘,2甚力,
,2由,
,2亻甚,
,2亻冗,
帽,2巾冒,
惆,2忄周,
喟,2口胃,
岚,2山风,
宄,2宀九,
前,4R一月刂,
,2土熏,
,2女,
拾,2才合,
,2手力,
劝,2又力,
,2口柴,
伟,2亻韦,
,2忄念,
贪,2今贝,
桶,2木甬,
,2女善,
,2尢王,
北,2丬匕,
寻,2彐寸,
栋,2木东,
,2代木,
壮,2丬士,
,2M攴,
喊,2口咸,
,2士母,
赴,2走卜,
拱,2才共,
景,2日京,
堪,2土甚,
及,2乃T,
,2亻要,
岢,2山可,
冒,2日目,3冂二目,
愠,2忄j,
涟,2氵连,
,2口摩,
,2口m,
,2睿又,
瞥,2敝目,
,2敝女,
,2女名,
,2土e,
,2土O,
,2彳也,
坛,2土云,
,2山美,
纬,2纟韦,
殉,2歹旬,
嘲,2口朝,
映,2日央,
卑,4丶田丿十,
圆,2囗员,
,2取木,
,2e攴,
冻,2冫东,
夭,2丿大,
俨,2亻严,
怀,2忄不,
憝,2敦心,
匠,2匚斤,
氕,2气丿,
戥,2星戈,
卟,2口卜,
,2亻n,
,2亻帝,
,2亻殳,
悴,2忄卒,
牟,2厶牛,
,7十口冖八井一?,
,2蠡刂,
,3尸示又,
,2女安,
刹,2杀刂,
什,2亻十,
瞬,2目舜,
滩,2氵难,
,2彳勺,
,2甚少,
喜,5士口R一口,
,2才弄,
俺,2人奄,
也,3卩丨],
渤,2氵勃,
嘟,2口都,
,2直,
侣,2亻吕,
寐,3宀爿未,
穆,4禾白小彡,
劢,2万力,
坡,2土皮,
,2口尹,
嚷,2口襄,
捉,2才足,
事,3一口肀,
寺,2土寸,
搪,2才唐,
吐,2口土,
温,2氵j,
呀,2口牙,
新,2亲斤,3立木斤,
崖,2山,
砑,2石牙,
,2忄,
探,2才A,
,2木卑,
榧,2木匪,
昙,2日云,
冉,3冂十一,
,2氵,
幻,2幺?,
沤,2氵区,
,2火廾,
浼,2氵免,
棵,2木果,
久,2丿入,
,2克毛,
拷,2才考,
妹,2女未,
旅,4方丿一氏,
奂,3刀冂大,
拿,2合手,
媛,2女爰,
泼,2氵发,
擅,2才,
槁,2木高,
曷,5日勹丨一人,
旨,2匕日,
唇,2口辰,
堂,2尚土,
步,2止少,4止|丶丿,
壹,3士冖豆,
,3才人音,
屑,2尸肖,
图,2囗冬,
渭,2氵胃,
昕,2日斤,
,2木弗,
杉,2木彡,
始,2女台,
倜,2亻周,
,2毛米,
杩,2木马,
估,2亻古,
,2丿熙,
募,2莫力,
淇,2氵其,
录,2彐水,
,2,
嗝,2口鬲,
忝,2天心,
晾,2日京,
患,2串心,
抢,2才仓,
,2毛旬,
杭,2木亢,
挚,2执手,
,2木卒,
乜,2卩],
昝,2处日,
,2蜀攴,
,2土采,
,2才孚,
布,3一丿巾,
慰,2尉心,
,2文耳,
欣,2斤欠,
傲,2人敖,
士,2十一,
昃,2日仄,
刖,2月刂,
,2才里,
,2土青,
劾,2亥力,
沽,2氵古,
倮,2亻果,
,2羊力,
呃,2口厄,
憔,2忄焦,
,2亻见,
昧,2日未,
憷,2忄楚,
亮,4亠口冖儿,
嗑,2口盍,3口去皿,
嚎,2口豪,
,2享,
,2亻Z,
,2得,
昀,2日匀,
柿,2木市,
,2日w,
房,2醴,
,2才巢,
瘟,2疒j,
土,2十一,
塘,2土唐,
,2彳步,
,2敦手,
暇,2日,
旯,2日九,
,2忄e,
,2尢兼,
司,3?一口,
叹,2口又,
,2氵兼,
,2氵宋,
愎,2忄复,
染,3氵九木,2鹉,
吡,2口比,
,2后力,
,2毛,
,3亻大多,2亻L,
懔,2忄禀,
揪,2才秋,
烤,2火考,
嗔,2口真,
峁,2山卯,
榔,2木郎,
痪,2疒奂,
,2氵含,
似,2亻以,
唐,3广聿口,
,2女翕,
枇,2木比,
,2才束,
毓,4每亠厶川,2每?,
坠,2队土,
止,2上丨,
,2巾莫,
,2山查,
旮,2九日,
敫,3白方攵,
,2忄B,
,2才,
哑,2口亚,
喂,2口畏,
殴,2区殳,
,2口火,
,2氵宏,
奁,2大区,
晒,2日西,
,2亻文,
倨,2亻居,
乒,2丘丿,
焦,2隹灬,
们,2亻门,
诟,2讠后,
徘,2彳非,
,2亻盾,
嗥,2口皋,
抗,2才亢,
燎,2火,
倒,2亻到,
垂,5丿二土丨丨,
吻,2口勿,
痈,2疒用,
,2女束,
,3才日,
指,2才旨,
昶,2永日,
牖,3片舾,
昊,2日天,
智,2知日,
旎,4方丿一尼,
星,2生日,
,2女肖,
仪,2亻义,
亚,2一业,
,2口午,
灸,2久火,
寤,3宀爿吾,
,2土宛,
厍,2厂车,
浊,2氵虫,
,2木梁,
偾,2亻贲,
几,3丿一],
,3氵甾一,
媚,2女眉,
桓,2木亘,
嗲,2口爹,
咔,2口卡,
,2火,
嗷,2口敖,
烨,2火华,
文,2亠V,
,2才雩,
,2才告,
父,2八V,
只,2口八,
倩,2亻青,
榍,2木屑,
旰,2日干,
,2尢\,
旌,4方丿一生,
撑,2才掌,3手尚手,
案,2安木,
,2忄欣,
夏,3一自夂,
,4彳山攵,
九,2丿乙,
愫,2忄素,
,2旧儿,
,2亻音,
倌,2亻官,
,2土定,
概,2木既,
啬,3土R回,
换,2才奂,
,2口契,
交,2亠父,
淠,2氵畀,
崮,2山固,
吆,2口幺,
嗪,2口秦,
嗄,2口夏,
液,2氵夜,
,2日祭,
,2才,
椿,2木春,
,2木朗,
昴,2日卯,
,2口牛,
枘,2木内,
妒,2女,
榈,2木闾,3木门吕,
毯,2毛炎,
故,2古攵,
娴,2女闲,
,2毛思,
信,2亻言,
愕,2忄@,
,2石力,
煤,2火某,
暮,2莫日,
,2忄宣,
,2林土,
呈,2口王,
嘏,2古,
氲,2气j,
,2要勿,
覃,2早,
,2乏,
要,2女,
,4一丨丨口,
西,3一囗儿,2一四,
,3一凵冂,
襻,2衤攀,
y,2衤戴,
[,2衤阑,
v,2衤,
袭,2龙衣,
衬,2衤寸,
q,2衤暴,
n,2衤],
袜,2衤末,
襦,2衤需,
i,2衤W,
W,2虫,
g,2衤鼻,
f,2衤,
e,2衤蜀,
裆,2衤当,
襟,2衤禁,
襞,2辟衣,
裣,2衤佥,
b,2衤詹,
`,2衤遂,
袄,2衤夭,
X,2衤敝,
V,2衤象,
T,2衤番,
S,2衤集,
Q,2衤棘,
P,2衤最,
q,2行真,
L,2衤,
襄,5口口井一衣,
J,4衣厂二呆,
G,2衤曹,
F,2衤票,
E,2尉衣,
D,4衤大己,
亵,2执衣,
褛,2衤娄,
,2衤徙,
褶,2衤,
,2衤离,
裢,2衤连,
裤,2衤库,
,5衣目丨R八,
褰,4宀井大衣,
,2衤席,
,2衤桑,
褫,2衤,
褪,2衤退,
,2般衣,
,2耿衣,
,2衤能,
褥,2衤辱,
,2衤袁,
,2衤容,
,2衣鬼,
褡,2衤E,
,2衤,
,3衤日羽,
,2衤j,
褚,2衤者,
褙,2衤背,
,2衤韦,
,2衤],
,2衤彖,
,2衤俞,
,2衤w,
血,2丿皿,
褒,2保衣,3亠保衣,
,2衤爰,
褐,2衤曷,
,4衣厂二由,
,4衣厂二禾,
,2衤Z,
T,2衤军,
,2衤,
褊,2衤扁,
,2衤契,
|,2衤是,
{,2衤帝,
褂,2衤卦,
x,2果?,
w,2衤其,
裾,2衤居,
裼,2衤易,
t,2叔衣,
裹,2衣果,
裸,2衤果,
r,2衤卷,
q,2衤非,
p,2衣非,
裴,2非衣,
裳,2尚衣,
裱,2衤表,
裰,2衤,
n,2衤周,
m,2衤昌,
k,2衤,
i,2衤,
h,2衤昆,
裨,2衤卑,
g,2衤炎,
d,2君衣,
裟,2沙衣,
c,1,2衤兑,3衣兑,
装,2壮衣,
补,2衤卜,
`,2衣邑,
_,2折衣,
裙,2衤君,
裘,2衣求,
^,4衤亠厶川,2衤?,
裕,2衤谷,
裔,2衣,
\,2衤戒,
裒,2衣臼,
[,2衤身,
里,2曰土,
裎,2衤呈,
X,2衤困,
V,2衤豆,
袅,5勹丶丨?衣,
裉,2衤艮,
裂,2列衣,
裁,3土戈衣,2?衣,
P,2衤因,
O,2衤圭,
N,2衤朱,
M,2衤如,
袼,2衤各,
L,2衤而,
K,2衤吉,
J,2衤百,
I,2衤存,
袷,2衤合,
H,2衤,
G,2衤任,
F,2衤夸,
E,2衤多,
D,2衣多,
袱,2衤伏,
@,2衣台,
被,2衤皮,
,2衤去,
,2衤占,
,2衤玄,
,2衤句,
,2衤出,
袤,2衣矛,
,2衤世,
袢,2衤半,
,2衤冉,
,2衣失,
,2衤失,
衮,2衣公,
,2衤氐,
,2衤,
,2衤白,
,4衤丿一也,
,3衤人彡,
袖,2衤由,
,2衤穴,
,2衤可,
,2衤且,
袒,2衤旦,
,2衤召,
,2衤必,
,2衤左,
袍,2衤包,
,2衣包,
袋,2代衣,
,2衤令,
,2衤它,
袈,2加衣,
,2衤丹,
袂,2衤,
袁,3土口衣,
,2衤,
衿,2衤今,
衾,2今衣,
衽,2衤壬,
,2衤支,
,2衤,
|,2衤介,
衷,2衣中,3一中衣,
{,2衤中,
,2亻奴,
,2亻,
,2先先,
,2吉力,
,2心口,
z,2衤日,
y,2衤,
,2土空,
x,2衤公,
衲,2衤内,
衰,3衣中一,
,2尸穴,
,2山钦,
v,2衤分,
,2彳奇,
,2忄,
u,2衤夫,
,2才完,
,2手,3声殳手,
衫,2衤彡,
,3日革大,
,2木,
,2木甾,
,2木宿,
t,2衤也,
,2毛求,
,2氵孛,
衩,2衤叉,
表,2丰?,
,2火也,
s,2衤于,
,2亻,
r,2衤干,
,3北白儿,4丬白匕儿,
,2亻哀,
,2口介,
,2列力,
衤,5丶乙丨丶丶,
,2口a,
衣,3丶一?,
,2土尚,
,2女A,
,2女每,
艚,2舟曹,
蠼,3虫瞿又,
,2彳直,
窠,2穴果,
奥,4丶冂米大,
甭,2不用,
猜,2犭i,
斫,2石斤,
,2日旋,
德,5彳十一心,
杲,2日木,
,2木出,
,2木暨,
,2木累,
,2氵豆,
,2豆毛,
浣,2氵完,
憬,2忄景,
,2能火,
柯,2木可,
桃,2木兆,
,2彳奚,
我,2才戈,
橥,2木猪,
幸,3土R干,2土羊,
坝,2土贝,
,2忄爰,
灿,2火山,
涤,2氵条,
,2木知,
,4口口冖斗,
滓,2氵宰,
嗤,2口蚩,
,2氵牢,
挥,2才军,
,2木,
,2氵粲,
揭,2才曷,
疽,2疒且,
,2廿火,
,2亻,
,4未攵厂牛,
乱,2舌],
跬,2足圭,
敉,2米攵,
乓,2丘丶,
埔,2土甫,
,2口文,
,2女兵,
梢,2木肖,
,2泥土,
硗,2石尧,
煲,2保火,
硪,2石我,
嫌,2女兼,
斡,5十日十人斗,
,1,2才黄,3扌黄,4手黄,
杏,2木口,
佑,2亻右,
毙,2比死,
沼,2氵召,
沸,2氵弗,
子,2了一,
,2臾斗,
儆,2亻敬,
恍,2忄光,
塾,2孰土,
剐,2呙刂,
,2火丰,
,2火,
抟,2扌专,
咭,2口吉,
嘁,2口戚,
嵋,2山眉,
,2麻牛,
掠,2才京,
湟,2氵皇,
挠,2才尧,
,2水口,
朴,2木卜,
捎,2才肖,
橐,5一中冖木石,
暌,2日癸,
,2土果,
涡,2氵呙,
煊,2火宣,
绦,2纟条,
托,2才乇,
倚,2亻奇,
有,3一丿月,
毖,2比必,
把,2扌巴,
,2木单,
仔,2亻子,
,2木襄,
招,2才召,
谛,2讠帝,
,2爿斤,
匦,2匚轨,
,4丰刀木,
,2火鹿,
,2火木,
夹,3一R大,
抻,2才申,
滦,2氵栾,
嘤,2口婴,
佬,2亻老,
列,2歹刂,
,2喜喜,10士口R一口士口R一口,
溆,2氵叙,
男,2田力,
嬗,2女,
橛,2木厥,
栌,2木卢,
,2口升,
,2口急,
涎,2氵延,
爸,2父巴,
敝,4R巾八攵,2?攵,
,2忄q,
友,3一丿又,
已,3?一],
蜒,2虫延,
裥,2衤间,
分,2八刀,
盅,2中皿,
昭,2日召,
匝,2匚巾,
持,2才寺,
粗,2米且,
抵,2才氐,3手氏丶,
吨,2口屯,
扌,3一|丿,
狙,2犭且,
,2亻,
佳,2亻圭,3亻土土,
庑,2广无,
,2氵栽,
嘈,2口曹,
嵝,2山娄,
嫘,2女累,
缧,2纟累,
叛,2半反,
,3士冖亚,
晷,2日咎,
,3冂八口,
栊,2木龙,
樾,2木越,
现,2王见,
,2才卷,
沧,2氵仓,
,2忄曷,
,2山臬,
,2千干,
椭,3木隋E,
沃,2氵夭,
,4木缶系,
,2童毛,
僦,2亻就,
棺,2木官,
醋,2酉昔,
灾,2宀火,
,2才,
,2蜀斗,
,2亻召,
扪,2扌门,
林,2木木,
苎,3艹宀一,
恢,2忄灰,
庋,2广支,
嵫,2山兹,
,2氵,
侵,4亻彐冖又,
,2女延,
芍,2艹勺,
溲,2氵叟,
,2口云,
暄,2日宣,
檠,2敬木,
柩,2木久,
,2才岳,
献,2南犬,
易,2日勿,
炎,2火火,
套,2大M,
,2山差,
巫,3工人人,
,2女廉,
乖,2千北,
涸,2氵固,
,2木l,
,2木K,
,2木旬,
对,2又寸,
,2斤斤,
,2才登,
咧,2口列,
嘀,2口,
伦,2亻仑,
,2敦,
甲,2囗十,
,2火斤,
,2氵妥,
拗,2才幼,
,2女武,
柚,2木由,
橹,2木鲁,
曛,2日熏,
淖,2氵卓,
渲,2氵宣,
谱,2讠普,
抛,4才尢力,
,2才委,
,2才覃,
,2者斤,
性,2忄生,
熳,2火曼,
,2木复,
,2木,
淘,2氵,
僭,2亻,
拐,2才另,
刚,2冈刂,
氛,2气分,
墩,2土敦,
嫡,2女,
凑,2冫奏,
栽,3土戈木,2?木,
猎,2犭昔,
咦,2口夷,
吭,2口亢,
,2口司,
皆,2比白,
圩,2土于,
,4氵山兀攵,
,2氵赤,
枳,2木只,
缱,2纟遣,
曜,2日翟,
樽,2木尊,
渥,2氵屋,
圃,2囗甫,
孀,2女霜,
,2亻巨,
艺,2艹乙,
,2才卒,
,2晶生,
第,3竹t丿,4竹弓丨丿,
握,2才屋,
汾,2氵分,
朐,2月句,
煸,2火扁,
,2女,
僬,2亻焦,
卣,2卜,
渍,2氵责,
,5彳山一言攵,
照,3日召灬,
摆,2才罢,
壁,2辟土,
抡,2才仑,
,2亻高,
勒,2革力,
嘣,2口朋,
菊,2艹,3草勹米,
拊,2才付,
颊,2夹页,
,2土,
樵,2木焦,
,2氵j,
,2氵,
钦,2钅欠,
,2火正,
,2火扈,
,2{,
湓,2氵盆,
媾,2女,
迮,2辶乍,
,2口亮,
,2口q,
适,2辶舌,
,2山},
淌,2氵尚,
吲,2口引,
臼,4丿丨一彐,
渴,2氵曷,
炫,2火玄,
,2c,
昱,2日立,
檬,2木蒙,
氖,2气乃,
攀,3〈笫,6木木VV大手,4林爻大手,
,2木巢,
,2木豫,
,2木丕,
杆,2木干,
,2氵羔,
核,2木亥,
,2毛非,
,2氵罕,
问,2门口,
鲜,2鱼羊,
彼,2彳皮,
,2彳昔,
沂,2氵斤,
,2敝日,
,2才叟,
此,2止匕,
撬,2才毳,
扑,2才卜,
枋,2木方,
槭,2木戚,
晔,2日华,
仕,2亻士,
焓,2火含,
,2女男,
克,2十兄,3十口儿,
呤,2口令,
嗍,2口朔,
浪,2氵良,
,2口,
滤,2氵虑,
潘,2氵番,
乃,3丿??,
溉,2氵既,
炙,2月火,
度,3广廿又,
啡,2口非,
既,2艮,
,2氵,
,2氵里,
芩,2艹今,
,2忄n,
比,2匕匕,
,2彳建,
,2巾,
,2日,
宜,2宀且,
羰,2羊炭,
橙,2木登,
热,2执灬,
,2女含,
樗,2木雩,
杷,2木巴,
倘,2亻尚,
晁,2日兆,
嗜,2口耆,3口老日,
焖,2火闷,
咚,2口冬,
匏,2夸包,
,2R,
嗨,2口海,
娜,2女那,
湃,2氵拜,
氯,2气录,
渌,2氵录,
厝,2厂昔,
,2曷毛,
,3氵弋月,
,2氵,
,2日逮,
,3木夕卩,
簧,2竹黄,
,2木庶,
腥,2月星,
吧,2口巴,
稳,2禾急,
,2夕斗,
匀,2勹冫,
瓷,2次瓦,
成,2戊?,
采,2木,
枞,2木从,
槿,2木堇,
嫒,2女爱,
粕,2米白,
烊,2火羊,
,2乃古,
松,2木公,
噬,2口筮,
,2亻叟,
,2亻未,
,2鹆,
呷,2口甲,
,2氵零,
,2火反,
蒙,2艹,
律,2彳聿,
,3日羽毛,
厣,2厌甲,3厂犬甲,
晃,2日光,
,2氵彤,
滴,2氵,
段,3丿丰殳,
,2木,
肝,2月干,
焉,4正一勹灬,
,1,2忄千,3心千,
,4厶厶冖斗,
次,2冰欠,
丈,2一V,
跞,2足乐,
由,2囗十,
拔,2才,
晌,2日向,
枭,2鸟木,
宋,2宀木,
,2女妥,
盼,2目分,
焐,2火吾,
俏,2亻肖,
晟,2日成,
廖,2广,
嗌,2口益,
呱,2口瓜,
奚,3幺大,
,2火火,
渖,2氵审,
,2害,
牢,2宀牛,
合,3人一口,
瓜,3爪一丶,
畚,3厶大田,
,2毛俞,
,2析木,
治,2氵台,
,2旦,
,2木穴,
,2才壹,
毕,2比十,
游,2氵,
晕,2日军,
,2彳扁,
挝,2才过,
笊,2竹爪,
,2巾蒙,
槲,2木斛,
晡,2日甫,
滔,2氵舀,
煳,2火胡,
,2土享,
,2口s,
,2口彦,
栉,2木节,
,2京力,
料,2米斗,
南,4十冂丫二,
湮,2氵,
鞠,2革,3革勹米,
尬,2尢介,
,2氵筮,
,2火不,
,2氵E,
,2氵,
,3左月毛,
巯,4圣亠厶川,2圣?,
,2木,
柑,2木甘,
叵,2匚口,
,2日黄,
,5文臼同冖且,
严,2亚丿,
,2才金,
粑,2米巴,
,2忄革,
疤,2疒巴,
邢,2开阝,
,2山留,
晗,2日含,
橄,2木敢,
煜,3火日立,
侍,2亻寺,
,2忄面,
忍,2刃心,
柘,2木石,
,2才答,
,2诙,
奶,2女乃,
湎,2氵面,
绿,2纟录,
,5牛人草厂用,4牛井厂用,
,2木,
教,2孝攵,
咎,3夂人口,
厶,2?丶,
煌,2火皇,
和,2禾口,
雇,2户隹,
滋,2氵兹,
吠,2口犬,
,2亻s,
低,2亻氐,
犹,2犭尤,
惩,2征心,
烟,2火因,
姨,2女夷,
巴,2巳丶,
刑,2开刂,
吞,2天口,
翁,2公羽,
掏,2才,
焯,2火卓,
樘,2木堂,
晏,2日安,
,2忄襄,
,2忄勇,
,2才然,
,2才果,
,2日童,
涮,2氵刷,
兑,2R兄,3R口儿,
芬,2艹分,
劳,3艹冖力,
嗵,2口通,
,2氵,
灰,2厂火,3一丿火,
芡,2艹欠,
弁,2厶廾,
,2火斗,
,2火,
,2尉牛,
淄,2氵甾,
滞,2氵带,
,2亻原,
,2口斗,
油,2氵由,
彝,4米糸廾,
淹,2氵奄,
型,2刑土,
,2土,
瓮,2公瓦,
屯,3丿凵],
剽,2票刂,
搞,2才高,
汇,2氵匚,
垅,2土龙,
,4火丿一也,
笺,2竹戋,
,2氵索,
俱,2亻具,
,3冖一豕,
徕,2彳来,
勉,2免力,
汊,2氵叉,
溻,3氵日羽,
你,2亻尔,
倾,2亻顷,
沏,2氵切,
栎,2木乐,
殁,2歹殳,
孑,2了丿,
抒,2才予,
漭,2氵莽,
爿,6丨一丨一丿,
,2山雩,
镡,2钅覃,
侧,2亻则,
,2才青,
掭,2才忝,
毅,2[殳,3立豕殳,
浙,2氵折,
,2木任,
脆,2月危,
佥,4人一小一,
糕,2米羔,
光,2小兀,
,2氵位,
烩,2火会,
尖,2小大,
,2氵畔,
锯,2钅居,
,2火出,
棱,2木,
,4一丿丶V,
骡,2马累,
免,4刀口丨儿,
拟,2才以,
赔,2贝,
柒,3氵七木,
氢,2气圣,
肉,3冂入入,
,2女翟,
殊,2歹朱,
蒜,3艹示示,
,2广介,
外,2夕卜,
吴,2口天,
镶,2钅襄,
便,2亻更,
砚,2石见,
,2忄思,
层,2尸云,
,2木百,
淬,2氵卒,
枫,2木风,
,2日詹,
,2氵,
横,2木黄,
剜,2宛刂,
,2火央,
,2木客,
哙,2口会,
结,2纟吉,
坚,4丨丨又土,
,2童力,
汔,2氵乞,
,2口旁,
,2口平,
,4火日,2火,
,2犭勺,
溧,2氵栗,
尼,2尸匕,
赅,2贝亥,
梳,4木亠厶川,2木?,
舍,2人舌,
猷,2酋犬,
,2土保,
吾,2五口,
歪,2不正,
提,2才是,
,4方丿一斤,
存,3一亻子,
厌,2厂犬,
嗅,2口臭,
揍,2才奏,
版,2片反,
羿,2羽廾,
,2音戈,
亨,3亠口了,
,2气申,
,2木瞿,
灌,2氵q,
葶,2艹亭,
,2火它,
咩,2口羊,
洁,2氵吉,
,2冖舄,
,2v力,
沣,2氵丰,
拎,2才令,
凄,2冫妻,
溷,2氵,
泥,2氵尼,
,2亻容,
殂,2歹且,
桡,2木尧,
揉,2才柔,
,2广至,
梧,2木吾,
煦,2d灬,
,3厶八夂,
,2女宗,
,2才敦,
余,3人于八,
朽,2木@,
,2木次,
丰,3丿二丨,2三丨,
奏,3手T夭,2?夭,
滇,2氵真,
,2才叔,
,4氵宀帚又,
,2包灬,
剧,2居刂,
,2氵畜,
,4≮Ⅳ薮,
劓,2鼻刂,
,2木前,
圭,2土土,
沔,2氵D,
滏,2氵釜,
歧,2止支,
,2冖w,
,3亻交攵,
,2亻舌,
,2火最,
,2犭丸,
嚏,2口F,
戽,2户斗,
午,2丿干,
铈,2钅市,
如,2女口,
桄,2木光,
淑,2氵叔,
,3囗儿冂,
,2木曳,
朵,2几木,
,4方丿一子,
甄,2瓦,
戌,2戊一,
疰,2疒主,
溢,2氵益,
宴,2宀z,
坩,2土甘,
卺,2丞?,
,2火冬,
炬,2火巨,
,2木孱,
,2木屋,
葆,2艹保,
烘,2火共,
汜,2氵巳,
,2口辱,
沛,2氵,
噌,2口曾,
挎,2才夸,
,2火喜,
伶,2亻令,
溽,2氵辱,
脶,2月呙,
替,3夫夫日,
玩,2王元,
栳,2木老,
擎,2敬手,
孺,2子需,
涉,2氵步,
灬,4丶丶丶丶,
,2日蒙,
,2木州,
剁,2朵刂,
,4方丿一巾,
扮,2扌分,
,2才昆,
焰,2火`,
益,4R一八皿,
,2火兄,
掬,2才,3手勹米,
,3亻广乇,
茕,3艹冖_,
,2冫半,
瑰,2王鬼,
,2口号,
劁,2焦刂,
棋,2木其,
,2木要,
沅,2氵元,
滗,2氵笔,
,2丶水,
怃,2忄无,
,2氵晃,
噤,2口禁,
,2文心,
湾,2氵弯,
瓣,3辛瓜辛,
标,2木示,
殇,6歹丿一弓丿丿,
慑,2忄聂,
,2日霍,
,4方丿一瓦,
,2囗王,
斟,2甚斗,
,6一自止已八夂,
渝,2氵俞,
皲,2皮军,
,2女虎,
绣,2纟秀,
,2山夭,
,2火台,
句,2勹口,
,2氵翁,
,2氵矣,
,2亻翁,
,2冫牙,
蜂,2虫,
,2口失,
溏,2氵唐,
沌,2氵屯,
娩,2女免,
匿,2匚若,
噻,2口塞,
哏,2口艮,
夸,2大亏,
,2火曾,
扃,2户,
武,3一弋止,
,2忄疾,
啼,2口帝,
桤,2木岂,
珑,2王龙,
,2甫方,
殓,2歹佥,
珍,3王人彡,
咒,3口口几,
愉,2忄俞,
冲,2冰中,
唁,2口言,
忆,2忄乙,
板,2木反,
,2山推,
亿,2亻乙,
,2日V,
在,3一亻土,
,2才戟,
众,3人人人,
,2木薄,
,2木多,
港,2氵巷,
授,2才受,
粟,2米,
腾,4月R夫马,3月?马,
挖,2才,3手穴乙,
乌,3勹?一,
跽,2足忌,
汹,2氵凶,
掩,2才奄,
,2翁力,
泌,2氵必,
,2亻R,
,3冂二月,2日月,
拚,3才厶廾,
勤,2堇力,
,5士冖一口殳,
哨,2口肖,
,2氵旰,
檎,2木禽,
,2氵意,
节,2竹卩,
沮,2氵且,
,2火术,
湔,2氵前,
邻,2令阝,
盂,2于皿,
地,2土也,
,2才,
,2才奔,
,2木,
舟,5丶冂一丶丨,
氽,2人水,
,2木,
僳,2亻粟,
售,2隹口,
哇,2口圭,3口土土,
,2女似,
柏,2木白,
污,2氵亏,
疒,3丶一丬,
,2广人,
,2口,
论,2讠仑,
溱,2氵秦,
,2亻真,
,2土胥,
欺,2其欠,
柃,2木令,
橼,2木缘,
慧,2彗心,
,2氵新,
桔,2木吉,
,2氵杉,
扣,2才口,
呲,2口此,
,2火旦,
,2火雀,
,4日出大本,
促,2亻足,
,4木凶八夂,
操,3才品木,2扌,
刎,2勿刂,
儇,2亻,
焚,2林火,
棕,2木宗,
特,2寺,
拓,2才石,
守,2宀寸,
,2忄X,
,5韦口一口寸,4韦口一,
沿,3氵八口,
呜,2口乌,
疔,2疒丁,
呢,2口尼,
廑,2广堇,
仑,2人匕,
溘,2氵盍,
,2亻各,
,2亻扇,
檑,2木雷,
枸,2木句,
,4氵曰方,
,2氵m,
,2氵困,
,2蒙毛,
咣,2口光,
捋,2才,3扌寸,
巅,3山p,
控,2才空,
,2任木,
,2日敬,
淤,2氵於,
,2木咸,
儋,2亻詹,
刭,2圣刂,
,2斤蜀,
仲,2亻中,
熵,2火商,
碡,2石毒,
曦,2日羲,
寿,2丰寸,
奄,2大电,
匈,2勹凶,
,2山厂,
钨,2钅乌,
湄,2氵眉,
,2口冉,
庳,2广卑,
沦,2氵仑,
,4亻丶丶兼,
樨,2木犀,
,2强力,
瀑,2氵暴,
,2氵e,
,2火弗,
,2火,
嘿,2口黑,
,2木`,
,2气日,
挢,2才乔,
,2氵殷,
,2木畏,
洲,2氵州,
,3晶人彡,
,2木c,
策,2竹c,
,2堇斤,
催,2亻崔,
,2才官,
娃,2女圭,3女土土,
熨,2尉火,
斑,3玉文王,
修,2攸彡,
褓,2衤保,
兽,4R田一口,
宿,3宀亻百,
剔,2易刂,
呸,2口丕,3口不一,
滟,2氵艳,
寝,5宀丬彐冖又,
绒,2纟戎,
橘,2木,
栀,2木卮,
棉,2木帛,
尜,3小大小,
,2火,
巨,3[?一,
哭,3口口犬,
,3火革大,
,2气,
噘,2口厥,
晦,2日每,
,2氵孝,
奋,2大田,
,2木,
剡,2炎刂,
,2日敫,
,2斤,
,2才奢,
,2才妻,
曹,3`曰日,5一丨丨曰日,
,2忄],
败,2贝攵,
,2广屯,
疝,2疒山,
檗,2辟木,
蛇,2虫它,
朕,2月关,
燹,3豕豕火,
七,2丿],
孓,2了T,
甾,2巛田,
柁,2木它,
徂,2彳且,
吝,2文口,
戕,2爿戈,
滢,2氵莹,
,2火庶,
,2,
,2氵遂,
,2火可,
俎,3人人且,2且,
惯,2忄贯,
歼,2歹千,
,2氏十,
,2林取,
剀,2岂刂,
哲,2折口,
,2氵君,
榆,2木俞,
齿,3止人凵,
,2火令,
筮,2竹巫,
宪,2宀先,
熊,2能灬,
,3冖元攴,
诬,2讠巫,
,2口占,
檫,2木察,
爝,2火爵,
受,3冖又,
擒,2才禽,
暹,2日M,
柽,2木圣,
栖,2木西,
密,3宀必山,2宓山,
徇,2彳旬,
淋,2氵林,
氵,3丶丶丿,
,2同戈,
,2彗火,
杰,2木灬,
,2才底,
,2日需,
,2氵忍,
,2木衍,
很,2彳艮,
剌,2束刂,
纵,2纟从,
州,4川丶丶丶,
蛰,2执虫,
暂,2斩日,
糗,2米臭,
褴,2衤监,
演,2氵寅,
休,2亻木,
,2亻名,
,2亻畜,
,2冖取,
梯,2木弟,
溯,2氵朔,
,2口茶,
,2囗寸,
容,2宀谷,
柢,2木氐,
戚,4丿上小戈,
泡,2氵包,
丬,2冫丨,
滠,2氵聂,
彳,2丿亻,
,2忄丁,
,5士冖一殳心,
枯,2木古,
据,2才居,
捷,2才C,
圮,2土己,
惠,2⌒,4一由厶心,
,2木冰,
,2木],
朋,2月月,
捏,2才[,
求,3水一丶,
珧,2王兆,
栩,2木羽,
润,2氵闰,
牝,2匕,
,2土@,
,2忄元,
,2广,
,2山象,
,2山元,
洋,2氵羊,
畜,2玄田,
梆,2木邦,
殷,5丶丿彐?殳,2?殳,
则,2贝刂,
,2木彦,
,2方建,
昨,2日乍,
,2氵九,
,2氵宛,
,2木,
后,3厂一口,
,4刀冂八火,
,2`炎,
,2氵哥,
倔,2亻屈,
,2冫免,
狎,2犭甲,
怛,2忄旦,
泸,2氵卢,
,2口晒,
沩,2氵为,
忭,2忄卞,
犴,2犭干,
囗,2冂一,4丨^一,
沈,2氵,
揄,2才俞,
,2夕生,
,2广并,
万,2一刀,
悟,2忄吾,
,2山隆,
仨,2亻三,
绑,2纟邦,
因,2囗大,
搀,3才免冫,
打,2才丁,
,2方番,
,2木奎,
,2木伏,
,4±艮寸,
跪,2足危,
,2氵委,
,2氵@,
,2氵幕,
津,2氵聿,
,2火尊,
,2火先,
桧,2木会,
,2目犬,
买,2^头,
,2今云,
,3土左月,
琊,2王邪,
漯,2氵累,
,2?大,
牮,2代牛,
,2冫金,
,2口崔,
,2口瓦,
像,2亻象,
务,2夂力,
,4才日勹匕,
,2户巳,
玉,2王丶,
,2女燕,
,2广禺,
旭,2九日,
,2木思,
,2木善,
,2日欠,
,2氵川,
获,3艹犭犬,
,4方丿一,
,4曰T丿丶,5日T丿丶,
格,2木各,
,2焱木,4火火火木,
,4犭丿一也,
今,3人丶^,
捡,2才佥,
怵,2忄术,
沭,2氵X,
榴,2木留,
狃,2犭丑,
,4?囗R干,
潴,2氵猪,
珞,2王各,
,2女,
署,2者,
梵,3木木凡,
塍,4月R夫土,3月?土,
牦,2毛,
,2忄太,
橡,2木象,
甜,2舌甘,
,3手手手,
绸,2纟周,
柴,2此木,
叙,2余又,
佯,2亻羊,
,4木口口口,
,2木旨,
左,3一丿工,
煮,2者灬,
,2氵垂,
,2氵八,
垠,2土艮,
,2木,
,2搜,
,2休灬,
拣,3才东一,
,2氵衰,
狍,2犭包,
灭,2一火,
泱,2氵央,
,2犭木,
洒,2氵西,
桷,2木角,
树,3木又寸,
慎,2忄真,
泠,2氵令,
明,2日月,
器,5口口大口口,
,2冫青,
濒,2氵频,
,2一尸,
吟,2口今,
棒,2木奉,
,4广廿人人,
,2山焦,
,2山乍,
枉,2木王,
做,2亻故,
拂,2才弗,
瑚,2王胡,
棍,2木昆,
戴,3土戈,2?,
,2如木,
恩,2因心,
,4方丿一票,
喏,2口若,
,2亻而,
狯,2犭会,
流,4氵亠厶川,2氵?,
槛,2木监,
,3干干火,2开火,
,2氵居,
,3氵缶,
珩,2王行,
撒,2才散,
,2囗言,
漶,2氵患,
,2口禾,
犟,2强牛,
碰,2石K,
,2勹人,
锺,2钅重,
,2才取,
仰,2亻n,
摈,2才宾,
琐,3王小贝,
,2广,
亡,2丶[,
析,2木斤,
,2木,
个,2人丨,
,2氵丸,
择,4才又二丨,
出,2山山,3凵丨凵,
,2才敬,
,2木邛,
,2勿日,
况,2冫兄,
揆,2才癸,
瘤,2疒留,
脉,2月永,3月?},
,2氵唇,
,2氵昏,
,2火兆,
决,2冫,
术,2木丶,
牯,2古,
弱,4弓冫弓冫,
梏,2木告,3木牛口,
,2忄王,
捧,2才奉,
,2户向,
悯,2忄闵,
耵,2耳丁,
氧,2气羊,
,2口开,
,2勹米,
熙,2灬,
王,2二A,4一一丨一,
,2大二,
,2土界,
,2氵乇,
,4氵日一寸,2氵?,
,2氵,
佤,2亻瓦,
,2火同,
拄,2才主,
歹,2一夕,
初,2衤刀,
狒,2犭弗,
刘,2文刂,
,2厂尢,3[丿],
旷,2日广,
,2木\,
,2木,
,2木敦,
,2出欠,
梓,2木辛,
琪,2王其,
囚,2囗人,
,2山,
澉,2氵敢,
泖,2氵卯,
敏,2每攵,
,2户占,
,2亻戚,
滨,2氵宾,
,2勹平,
恤,2忄血,
汪,2氵王,
昔,2井日,
唆,2口,
挑,2才兆,
,2氵勺,
作,2亻乍,
,2木番,
,2木癸,
,2木夷,
,2口B,
,4方丿一番,
征,2彳正,
留,2卯田,
□,2口赖,
,2犭生,
狩,2犭守,
紧,4丨丨又丝,
爵,4爪聿,3肀,
,2氵皋,
,2氵舍,
揸,2才查,
哧,2口赤,
嚓,2口察,
,2火翕,
怅,2忄长,
汴,2氵卞,
潢,2氵黄,
,2亻差,
株,2木朱,
峨,2山我,
,2木色,
,2木扁,
,2氵鬲,
坳,2土幼,
荜,2艹毕,
茧,2草虫,
拌,2扌半,
,2忄晃,
央,2冂大,
,2广孝,
磋,2石差,
,4方亠厶川,2方?,
絷,2执糸,
噪,2口,3口品木,
,4刀目夂,
珀,2王白,
桕,2木臼,
,2口兼,
,2山唯,
孰,2享丸,
碗,2石宛,
,2女采,
掊,2才,
,2亻次,
狸,2犬里,
,2犭牙,
玛,2王马,
,2此口,
年,3丿丰丶,5丿一二丶丨,
抨,2才平,
蛾,2虫我,
,2木有,
溴,2氵臭,
沐,2氵木,
宏,2宀,
,2乙水,
,2氵葱,
咤,2口宅,
,2忄b,
,2癸戈,
彪,2虎彡,
殃,2歹央,
,4方丿一皮,
殄,3歹人彡,
,2才,
珏,2王玉,
,2土禺,
,2坐夂,
汝,2氵女,
申,2囗十,
蝈,2虫国,
岁,2山夕,
剃,2弟刂,
完,2宀元,
噼,2口辟,
,2亻光,
块,2土,
,2冫聿,
,2氵暑,
拈,2才占,
忤,2忄午,
汨,2氵日,
归,3丨丿彐,
搁,2才阁,
烽,2火,
堕,2y土,
介,3人丿丨,
,4木丿一,
婚,2女昏,
,5丿一c一林,
,2才炎,
,2虚戈,
,4方丿一肖,
搭,2才E,
,2广甫,
,3山厂配,
,2忄{,
,2气心,
梃,2木廷,
殍,2歹孚,
情,2忄青,
玷,2王占,
烷,2火完,
涕,2氵弟,
,2土俞,
书,4??丨丶,
,2亻夷,
揠,2才],
捐,2才O,3手口月,
嚯,2口霍,
汶,2氵文,
怆,2忄仓,
咫,2尺只,
潆,2氵萦,
歌,2哥欠,
,5木亠厶川皿,3木?皿,
,2木w,
,2木而,
,2氵楚,
,2氵高,
,2氵员,
,4了?丶T,
,2寅戈,
,2才或,
耠,2耒合,
,2方奇,
澡,3氵品木,2氵,
撮,2才最,
抽,2才由,
,2忄弱,
珉,2王民,
,2女隹,
畦,2田圭,3田土土,
桦,2木华,
惕,2忄易,
丸,2丶九,
,3囗八土,
,4土凶八夂,
犷,2犭广,
溜,2氵留,
泐,2氵b,
漕,2氵曹,
,2火黄,
斤,2厂B,
,2氵鼎,
囝,2囗子,
,2氵受,
癸,2h天,
垲,2土岂,
伙,2亻火,
,3木疋月,
碉,2石周,
最,2日取,
仡,2亻乞,
,4方丿一兆,
扬,4才弓丿丿,
燥,3火品木,2火,
,2有或,
物,2勿,
惋,2忄宛,
,2广,
,2山,
曙,2日署,
娠,2女辰,
田,2囗十,
,2夕?,
,2土a,
棚,2木朋,
珙,2王共,
桀,2舛木,
令,3人一卩,
,2熏力,
,2亻亥,
,2亻p,
,2火全,
,2氵,
汩,2氵日,
李,2木子,
,2氵?,
侯,4亻^一矢,
活,2氵舌,
珠,2王朱,
殿,3尸共殳,
荛,2艹尧,
奉,4手T一十,3?一十,
,2木剌,
杨,4木弓丿丿,
,4方丿一令,
宇,2宀于,
灶,2火土,
,2忄文,
晤,2日吾,
帮,2邦巾,
蓄,2艹畜,
深,2氵A,
暑,2日者,
玳,2王代,
填,2土真,
蓬,2艹逢,
扉,2户非,
,2口旦,
,2口j,
沆,2氵亢,
庙,3广由R,
犰,2犭九,
忪,2忄公,
理,2王里,
囔,2口囊,
卷,3夫八卩,2??,
,2非女,
垤,2土至,
,2山斤,
,2忄予,
,2广昔,
,2瞿戈,
,2忄草,
侦,2亻贞,
朱,2丶未,4丿一木未,
皂,2白七,
禹,4丿口冂厶,
,2木式,
秧,2禾央,
许,2讠午,
,2木囊,
,2氵人,
晚,2日免,
,5氵冖八工口,4氵?工口,
,2氵署,
,2火休,
觎,2俞见,
,2犭丕,
琼,2王京,
,2冫固,
,2亻曹,
渺,3氵目少,
犸,2犭马,
滹,2氵,
泔,2氵甘,
揎,2才宣,
漓,2氵离,
囡,2囗女,
,2女慝,
混,2氵昆,
检,2木佥,
,2氵力,
埏,2土延,
,2忄容,
,2木若,
仫,2亻么,
,2日融,
屿,2山与,
稠,2禾周,
岔,2分山,
异,2己廾,
响,2向口,
徐,2彳余,
挽,2才免,
戊,2丿戈,
觑,2虚见,
天,2一大,
伸,2亻申,
熟,2孰灬,
庆,2广大,
,2亻血,
澎,2氵彭,
旗,4方丿一其,
蠲,2益蜀,
蛊,2虫皿,
L,2虫襄,
K,4广卑虫虫,
I,3逢虫虫,
G,1,4豸刂虫虫,
],2虫萧,
C,5士冖石虫虫,
A,2j虫,
@,3酋虫虫,
蛎,2虫厉,
蠢,3春虫虫,
蠡,3彖虫虫,
,3面虫虫,
,2虫,
蠛,2虫蔑,
,3若虫虫,
,2虫截,
,2虫翟,
蠖,2虫^,
蠕,2虫需,
蠓,2虫蒙,
蝾,2虫荣,
蛴,2虫齐,
,2虫,
鼾,2鼻干,
鳊,2鱼扁,
觚,2角瓜,
酏,2酉也,
簖,2竹断,
螨,3虫艹两,
颀,2斤页,
瘕,2疒,
稞,2禾果,
铨,2钅全,
睚,2目,
忑,2下心,
臊,2月,
挲,2沙手,
辇,3夫夫车,
椠,2木斩,
琮,2王宗,
纨,2纟丸,
妪,2女区,
潺,2氵孱,
泯,2氵民,
恺,2忄岂,
猃,2犭佥,
帻,2巾责,
啐,2口卒,
摭,2才庶,
蔟,2艹族,
荦,3艹冖牛,
埤,2土卑,
邶,2北阝,
冽,2冫列,
佚,2亻失,
J,2乡虫,
觞,6角丿一弓丿丿,
正,2一止,
札,2木],
育,3亠厶月,
引,2弓丨,
妖,2女夭,
,2敬虫,
蚁,2虫义,
,2虫,
蟹,2解虫,
~,3豕虫虫,
蛏,2虫圣,
z,2斯虫,
虫,2口厶,
蛲,2虫尧,
蟮,2虫善,
t,2虫焦,
蝉,2虫单,
r,2虫覃,
蟪,2虫惠,
q,2虫厥,
p,2厥虫,
蟥,2虫黄,
m,2虫巽,
虮,2虫几,
k,2虫喜,
蟠,2虫番,
i,2虫,
h,2敝虫,
g,2虫渠,
蟛,2虫彭,
e,2彭虫,
c,2虫J,
b,6一口丨冂出虫,
a,2虫斯,
`,2虫觜,
_,2虫黑,
蟓,2虫象,
,2虫,
蟑,2虫章,
Z,2虫,
蟋,2虫悉,
蟊,3矛虫虫,
Y,2虫,
W,2莫虫,
蟆,2虫莫,
T,2虫曼,
R,3民虫虫,
蟀,2虫率,
P,2虫寅,
螽,3冬虫虫,
O,2虫堇,
蝼,2虫娄,
螺,2虫累,
L,2欲虫,
K,2庳虫,
J,3巨虫虫,
螵,2虫票,
螳,2虫堂,
H,2虫窒,
G,2尉虫,
F,2虫鹿,
螯,2敖虫,
螭,2虫离,
螬,2虫曹,
螫,2赦虫,
D,2虫商,
,2P臾,
,2虫益,
螟,2虫冥,
蚂,2虫马,
,2虫鬼,
,4士冖殳虫,
,2虫害,
,2能虫,
,3木虫虫,
螗,2虫唐,
,2虫骨,
螓,2虫秦,
,5十日十人虫,
,2虫疾,
,2虫鬲,
融,2鬲虫,
,2般虫,
螋,2虫叟,
,2虫兼,
,2虫翁,
螈,2虫原,
,2虫奚,
,2虫兹,
螅,2虫息,
蛳,2虫师,
螃,2虫旁,
螂,2虫郎,
蝇,2虫黾,
蝽,2虫春,
蝻,2虫南,
,2虫禹,
,2虫j,
蜗,2虫呙,
,3虫广,
蝶,2虫,
蝴,2虫胡,
|,2虫剌,
{,3亡虫虫,
蝰,2虫奎,
z,2虫爰,
蝮,2虫复,
x,1,4虫凶八夂,
w,2虫者,
s,2虫英,
虾,2虫下,
蝥,2虫,
蝤,2虫酋,
蝣,2虫,
p,2虫X,
蝠,2虫w,
n,2虫眉,
k,2虫威,
j,2虫柔,
蝙,2虫扁,
i,2虫],
蝗,2虫皇,
h,2虫宣,
蚀,2饣虫,
f,2虫皆,
蝓,2虫俞,
e,2虫面,
c,2虫冒,
b,2虫亭,
蝎,2虫曷,
a,2虫即,
蝌,2虫科,
蜡,2虫昔,
,2虫网,
[,2虫,
Z,2虫版,
蜿,2虫宛,
蜾,2虫果,
V,2虫隹,
蜻,2虫青,
T,2虫芮,
蜷,2虫卷,
R,2虫卒,
蜴,2虫易,
P,2虫享,
O,2虫委,
蜱,2虫卑,
N,2肥虫,
M,2虫奉,
蜮,2虫或,
L,2虫`,
K,2虫函,
J,2虫昆,
I,2虫,
蜩,2虫周,
H,2虫C,
蜥,2虫析,
E,2析虫,
蜣,2虫羌,
蜢,2虫孟,
D,2虫,
C,2虫育,
蜞,2虫其,
B,2其虫,
蜜,3宀必虫,2宓虫,
A,2虫居,
蜚,2虫非,
@,2虫松,
蜘,2虫知,
,2虫甸,
蜓,2虫廷,
,2延虫,
,2虫秀,
,2虫O,
蜍,2虫余,
,3虫比土,
蜊,2虫利,
蜉,2虫孚,
蜈,2虫吴,
蜇,2折虫,
蚬,2虫见,
,2虫甫,
,2虫辰,
蜃,2辰虫,
,4虫丿一疋,
蜀,3勹虫,
,2虫含,
蜕,2虫兑,
蛱,2虫夹,
蛹,2虫甬,
蛸,2虫肖,
,2虫求,
,2虫,
蛭,2虫至,
,2共虫,
,2虫危,
,3丰刀虫,
他,2亻也,
墅,2野土,
望,3亡月王,
帖,2巾占,
,3?[,
兵,2丘八,
,2忄云,
,2广,
,2口布,
泮,2氵半,
潸,4氵木木月,
柠,2木宁,
,3大丿丨,
琥,2王虎,
楮,2木者,
,2口莫,
畸,2田奇,
埴,2土直,
,2氵凡,
,2氵沓,
搡,2才桑,
啁,2口周,
,2火式,
狷,2犭O,
,4方丿一遂,
愈,2俞心,
扎,2扌],
,2才戢,
助,2且力,
尔,2刀小,4丿^|八,
果,2日木,
,3木左月,
牾,2吾,
塌,3土曰羽,
桴,2木孚,
旺,2日王,
晰,2日析,
,2户大,
丙,3一人冂,
沲,4氵丿一也,
满,3氵艹两,
,2口左,
您,2你心,
批,2才比,
弃,3亠厶廾,
曲,2囗`,3曰丨丨,
,2口庶,
生,2牛一,3丿三丨,
,2氵卷,
,2氵亡,
,2氵翠,
柞,2木乍,
,2火,
挣,2才争,
历,2厂力,
,2犭穴,
怩,2忄尼,
狨,2犭戎,
圊,2囗青,
,3白匕,
,2林矛,3木矛木,
氟,2气弗,
,3午止欠,
埘,2土时,
往,2彳主,
眸,2目牟,
犋,2具,
戍,2戊丶,
样,2木羊,
聒,2耳舌,
嚣,5口口页口口,
矽,2石夕,
澍,2氵,
涅,2氵[,
怿,4忄又二丨,
泺,2氵乐,
桫,2木沙,
腮,2月思,
蛆,2虫且,
瑛,2王英,
,2氵夤,
,2火合,
,2』,4木爻木火,
,2犭白,
帏,2巾韦,
狲,2犭孙,
搌,2才展,
均,2土匀,
爹,2父多,
狰,2犭争,
,2木亭,
峪,2山谷,
,2户炎,
根,2木艮,
幅,2巾w,
坐,3人人土,
臌,2月鼓,
犒,2高,
束,2木口,
,2忄舀,
冰,2冫水,
,2女官,
硒,2石西,
哮,2口孝,
沱,2氵它,
恹,2忄厌,
,2囗,
潲,2氵稍,
,2亻再,
渗,2氵参,
气,2乞一,4丿一一乙,
棼,2林分,
,2氵綦,
,2氵预,
,2氵妾,
,2氵大,
啕,2口,
柳,2木卯,
猁,2犭利,
,2火圭,
欲,2谷欠,
篾,3竹戍,
整,2敕正,3束攵正,
斛,2角斗,
,2召欠,
,2木舜,
冫,2丶丿,
,2木血,
,2忄蚤,
,2忄亢,
稔,2禾念,
,2山尊,
,2山召,
掰,3手分手,
,2女固,
忐,2上心,
,2封土,
,3囗方,
琬,2王宛,
棹,2木卓,
狺,2犭言,
恂,2忄旬,
泾,2氵圣,
濑,2氵赖,
,2火童,
,2犭,
,2氵斡,
,3土戈火,2?火,
,2氵屈,
邺,2业阝,
,2亥欠,
荥,3艹冖水,
,2木苦,
,2木棠,
,2蝗,
,2木牟,
,2才葛,
隐,2阝急,
,2户多,
,2才K,
,2忄欠,
牺,2西,
晓,2日尧,
玄,2亠幺,
,2女,
漱,2氵F,
塔,2土E,
烃,2火圣,
毗,2田比,
澌,2氵斯,
泫,2氵玄,
怡,2忄台,
,2冫冥,
棂,2木灵,
摸,2才莫,
,2亻爽,
浸,4氵彐冖又,
峻,2山,
垸,2土完,
俐,2亻利,
狴,3犭比土,
湖,2氵胡,
啭,2口转,
搦,2才弱,
争,2刀肀,3刀聿,4刀彐|,5彐|,
二,2一一,
服,3月卩又,
淫,3氵壬,
炳,2火丙,
猖,2犭昌,
楚,2林疋,
柱,2木主,
旋,4方丿一疋,
淆,2氵肴,
睃,2目,
妄,2亡女,
朦,2月蒙,
她,2女也,
数,2娄攵,
挈,3丰刀手,
三,2一二,3一一一,
椟,2木卖,
妩,2女无,
琵,2王比,
泓,2氵弘,
潼,2氵童,
狳,2犭余,
恻,2忄则,
唿,2口忽,
帱,2巾寿,
君,2尹口,
烬,2火尽,
埸,2土易,
积,2禾只,
冱,2冫互,
过,2辶寸,
庚,3广肀人,
攸,3亻丨攵,
洱,2氵耳,
谍,2讠,3言世木,
狱,3犭讠犬,
渣,2氵查,
昌,2日日,
尹,2彐丿,
宵,2宀肖,
悬,2县心,
忘,2亡心,
吸,2口及,
它,2宀匕,
厅,2厂丁,
牲,2生,
庶,3广廿灬,
屈,2尸出,
赛,4宀井大贝,
劈,2辟刀,
泣,2氵立,
命,3人一叩,
狞,2犭宁,
咙,2口龙,
曼,3曰目又,
,2犭旦,
傈,2亻栗,
,2火亥,
军,2冖车,
,2氵彪,
,2氵果,
,2山水,
狐,2犭瓜,
,2木萌,
,2木胡,
,3木巛夕,
,3日耳力,
滁,2氵除,
蟒,2虫莽,
,2才若,
,2户衣,
蛟,2虫交,
蛞,2虫舌,
,2虫艮,
~,2虫伊,
蛛,2虫朱,
蛙,2虫圭,
蛘,2虫羊,
|,4户^一虫,
{,2虫,
z,2虫有,
蛔,2虫回,
x,2虫各,
蛑,2虫牟,
蛐,2虫曲,
萤,3艹冖虫,
v,2虫瓜,
蛋,2疋虫,
蛉,2虫令,
t,2虫占,
蛄,2虫古,
s,2虫丙,
r,2虫,
q,2虫召,
蛀,2虫主,
p,2虫玄,
o,2虫皮,
n,2虫丕,
l,2札虫,
蚺,2虫冉,
k,2虫付,
j,2虫斥,
i,2虫巨,
蚶,2虫甘,
蚵,2虫可,
蚴,2虫幼,
h,2虫氐,
g,2虫平,
蚱,2虫乍,
蚰,2虫由,
蚯,2虫丘,
f,2虫代,
e,2虫尼,
d,2虫包,
蚪,2虫斗,
蚩,1,3山一虫,
蚨,2虫夫,
蚧,2虫介,
c,2虫,
b,2虫父,
蚤,3叉丶虫,
蚣,2虫公,
a,2虫亢,
`,2虫分,
_,2分虫,
^,2虫王,
],2虫木,
蚝,2虫毛,
蚜,2虫牙,
\,2虫中,
[,2虫斤,
Z,2虫今,
X,2虫,
W,2虫元,
V,2虫氏,
蚓,2虫引,
U,2虫丹,
T,2虫支,
S,2虫,
Q,2虫日,
蚍,2虫比,
蚌,2虫丰,
蚋,2虫内,
蚊,2虫文,
P,2文虫,
O,2虫开,
N,2虫尺,
M,2虫巴,
L,2虫厄,
K,2虫方,
虼,2虫乞,
虻,2虫亡,
虺,2兀虫,
虹,2虫工,
I,2虫子,
H,2虫干,
F,2虫\,
E,2虫乇,
D,2虫勺,
虱,3U一虫,
B,2虫丁,
虬,2虫],
@,2虫刀,
,4小日小虎,
,2虍彬,3虍林彡,
亏,2一@,
,2虎虎,
,2武虎,
虢,2虎,
,2交虎,
号,2口@,
虞,2虍吴,
,2虎勿,
虏,2虍力,
虚,2虍业,
,2虍必,
,2虍丘,
,2虍乎,
虔,2虍文,
,2厂虎,
虐,3虍[一,
虍,4丨一厂七,
,2蔽w,
,2艹,
,3艹弓q,
,2艹n,
,2艹露,
,3艹j,
~,2艹,
萝,2艹罗,
|,2艹,
{,2艹,
蘼,2艹靡,
蓠,2艹离,
x,2艹,
蘸,4艹酉隹灬,
w,2艹,
v,2艹魏,
t,2艹N,
s,1,2艹X,3HX,4草X,
o,2皿,
n,2艹Y,
兰,2R三,
j,2艹麋,
蘩,2艹繁,
i,4艹缶系,
蘧,2艹e,
h,2艹,
g,2艹龠,
e,1,2艹W,3HW,4草W,
茏,2艹龙,
c,4艹真真女,
蔹,2艹敛,
^,2艹鞠,
],3艹甚育,
藓,2艹鲜,
[,2艹翳,
Z,2艹襄,
Y,2艹檗,
蘖,2薛木,
蘑,2艹磨,
R,3艹雨肥,
`,2艹熏,
P,2艹R,
苹,2艹平,
M,4艹冖侵,
芦,2艹户,
蘅,2艹衡,
H,3艹m木,
G,2蕊木,
F,2艹噩,
[,2艹择,
藿,2艹霍,
C,2艹H,
B,2艹,
藻,2艹澡,
蔺,3艹门隹,
蔼,2艹谒,
x,2艹猪,
苈,2艹历,
蕴,2艹,
,2蒿禾,
,2艹@,
,2艹慰,
,2艹樵,
,2艹F,
薮,2艹数,
藩,2艹潘,
,2艹,
,2艹摩,
藤,2艹滕,
,2艹m,
,2艹~,
,2艹,
,2艹磊,
藜,2艹黎,
,2艹毅,
,2艹p,
藕,2艹耦,
藐,2艹貌,
藏,2艹臧,
荩,2艹尽,
蓝,2艹监,
z,2艹蜜,
y,2艹翟,
x,2艹H,
w,2艹睽,
u,2艹搴,
藁,2蒿木,
o,2艹疑,
n,2艹,
m,2艹甄,
k,2艹R,
薹,2艹_,
i,2艹漂,
薷,2艹需,
h,2艹,
薯,2艹署,
薰,2艹熏,
薪,2艹新,
萨,3艹阝产,
薨,4艹冖死,
^,5艹亠口冂死,
荐,2艹存,
\,2艹蜀,
薤,3艹歹韭,
[,2艹鼓,
Z,2艹解,
Y,2艹鼎,
莶,2艹佥,
V,2艹,
U,2艹詹,
薜,2艹辟,
薛,5艹户^一辛,
S,2艹雉,
Q,2艹达,
O,2艹廉,
蔷,2艹啬,
L,2艹粲,
J,2艹,
薏,2艹意,
I,2艹j,
芗,2艹乡,
蓟,3艹鱼刂,
D,2艹q,
荟,2艹会,
薇,2艹微,
薅,2艹,
薄,4草水甫寸,3艹氵,
@,2艹敫,
,2艹,
蕾,2艹雷,
,2艹肆,
蕻,3艹M共,
蕺,2艹戢,
蕹,2艹雍,
,2艹遐,
蓣,2艹预,
,2艹零,
,2艹飧,
萧,2H肃,
,2艹童,
芜,2艹无,
蕤,3艹豕生,
,2艹舜,
蒉,2艹贵,
,2艹絮,
蕞,2艹最,
,2艹,
,3艹口@,
蕙,2艹惠,
,2艹路,
蕖,2艹渠,
莸,2艹犹,
荬,2艹买,
y,7艹二人人人人十,
荞,2艹乔,
v,2艹渝,
u,2艹,
蕊,2艹,3芯心心,
蕉,2艹焦,
蕈,2艹覃,
蒇,3艹戊贝,
q,2艹,
蕃,2艹番,
o,2艹,
荨,2艹寻,
k,2木,
蔽,2艹敝,
蔻,2艹寇,
蔸,2艹兜,
i,3艹喑,
g,2艹清,
f,2艹寇,
d,2艹扈,
荫,2艹阴,
蔬,2艹疏,
蔫,2艹焉,
_,2艹寅,
],2艹彗,
茑,2艹鸟,
葱,2艹S,
Z,2艹密,
蒋,2艹将,
X,2艹婆,
蔡,2艹祭,
W,2艹K,
蒌,2艹娄,
蔚,2艹尉,
R,2艹旋,
蔗,2艹庶,
P,2艹,
蔓,2艹曼,
蔑,3艹戍,
K,2艹商,
蔌,2艹F,
H,2艹淑,
G,2艹焊,
E,2艹票,
D,2艹既,
@,2艹强,
,2艹累,
,2艹章,
,2艹部,
蓿,2艹宿,
蓼,2艹,
,2艹御,
,2艹唯,
,2艹捷,
,2艹堇,
,2艹,
蓰,2艹徙,
苁,2艹从,
莲,2艹连,
,2艹庵,
,2艹通,
,2艹l,
,2艹朗,
,2艹浸,
,2艹,
,2艹修,
~,2艹徒,
蓖,3艹囟比,
|,2艹羔,
蓓,2艹倍,
蓑,2艹衰,
蓐,2艹辱,
蓍,2艹耆,
x,2s,
盖,3艹羊皿,
蓊,2艹翁,
蓉,2艹容,
v,2艹郎,
u,2艹骨,
t,2艹席,
s,2艹流,
r,2艹叟,
q,2艹冥,
蓁,2艹秦,
荪,2艹孙,
蒿,2艹高,
o,2艹迷,
蒽,2艹恩,
苍,2艹仓,
m,2艹弱,
蒺,2艹疾,
蒹,2艹兼,
蒸,2艹A,
j,2艹奚,
蒴,2艹朔,
蒲,2艹浦,
h,2艹捕,
g,2艹般,
蒯,2_刂,
f,2艹a,
e,2艹c,
d,2艹冤,
c,2艹差,
b,2艹,
a,2艹租,
`,2艹倩,
_,3艹戊占,
^,2艹b,3草隹又,
],2艹留,
\,2艹涂,
[,2艹徐,
蒡,2艹旁,
Y,2艹息,
X,3艹立句,
莅,2艹位,
V,2艹原,
U,2艹缺,
T,2艹鬲,
S,2茹手,
蒗,2艹浪,
C,2艹j,
莳,2艹时,
莼,2艹纯,
M,2艹殷,
L,2艹鬼,
蒎,2艹派,
蒈,2艹皆,
H,3艹巩女,
F,2艹冠,
E,2艹彖,
蒂,2艹帝,
D,2艹述,
A,2苑心,
,4艹凶八夂,
葺,2艹,3草口耳,
,2艹施,
葸,2艹思,
荤,2艹军,
葵,2艹癸,
葳,2艹威,
,2艹俊,
药,2艹约,
,2艹段,
葭,2艹,
葬,3艹死廾,
葫,2艹胡,
,3艹角刂,
葩,2艹q,
,2艹畏,
,2艹勃,
苇,2艹韦,
,2艹前,
荮,2艹纣,
董,2艹重,
葡,2艹匍,
,2艹皇,
,2艹弭,
葜,2艹契,
葛,2艹曷,
葚,2艹甚,
葙,2艹相,
著,2艹者,
着,3羊丿目,
,2艹突,
,2艹侯,
,2艹洪,
荭,2艹红,
葑,2艹封,
,2芬皿,
,2艹律,
,2艹w,
,2艹,
,2艹朐,
叶,2口十,
{,2艹俎,
x,2艹勉,
w,2艹姜,
v,2艹括,
u,2艹活,
t,2艹盈,
落,2艹洛,
萼,2艹@,
s,2艹音,
r,2艹冒,
q,2艹扁,
萸,2艹臾,
p,2艹削,
o,2艹春,
莴,2艹呙,
R,2艹则,
k,2艹爰,
萱,2艹宣,
h,2艹俞,
g,2艹禹,
e,2艹香,
d,2艹科,
c,2艹秋,
_,2艹朋,
萜,2艹帖,
萘,2艹奈,
Y,2艹宗,
荠,2艹齐,
V,2艹招,
S,2艹C,
萏,2艹`,
萎,2艹委,
萍,3艹氵平,
萌,2艹明,
萋,2艹妻,
莱,2艹来,
Q,2艹肥,
苌,2艹长,
萆,2艹卑,
N,2艹I,
萄,2艹,
萃,2艹卒,
M,2艹和,
萁,2艹其,
L,2艹虎,
K,2艹到,
J,2艹忝,
菽,2艹叔,
I,2艹炎,
G,2艹肩,
菹,2艹沮,
F,2艹帚,
E,2艹奉,
D,2艹罔,
B,2艹金,
菲,2艹非,
菱,2艹,
菰,2艹孤,
华,2化十,
@,2艹庚,
,2艹治,
,2艹沼,
,4艹B口三,
菪,2艹宕,
菩,2艹,
,2艹妾,
菥,2艹析,
,2艹卷,
,2艹抱,
菡,2艹函,
菠,2艹波,
菟,2艹兔,
,4艹禾勹丿,
菝,2艹,
菜,2艹采,
菘,2艹松,
,2艹抽,
菖,2艹昌,
菔,2艹服,
,2艹杲,
,2艹甾,
,4业R三人,
菏,2艹河,
,2艹昆,
菌,2艹,
,2艹味,
,2艹拉,
菇,2艹姑,
菅,2艹官,
,2艹,
,2艹的,
菁,2艹青,
菀,2艹宛,
,2艹刺,
莽,3艹大廾,
莰,2艹坎,
~,2艹男,
|,2艹免,
莫,3艹曰大,
莪,2艹我,
莩,2艹孚,
莨,2艹良,
苋,2艹见,
z,2艹肖,
x,2艹酉,
w,2艹忘,
荚,2艹夹,
u,2艹足,
莠,2艹秀,
莞,2艹完,
s,2艹坐,
莜,2艹攸,
莛,2艹廷,
r,2艹延,
q,2艹君,
莘,2艹辛,
莒,2艹吕,
k,2艹沈,
莎,2艹沙,
i,2艹求,
h,1,2艹兑,3H兑,4草兑,
g,2艹作,
莉,2艹利,
e,2艹],
莆,2艹甫,
c,2艹更,
b,2艹希,
_,2艹辰,
^,2艹成,
],2艹,
荽,2艹妥,
荼,2艹余,
荻,2艹狄,
[,2艹步,
荸,2艹孛,
荷,2艹何,
Z,2艹吟,
Y,2艹忍,
X,2艹扶,
W,2艹豆,
庄,2广土,
N,2艹老,
M,2艹肋,
荔,2艹,
L,2艹并,
荒,2艹x,
荑,2艹夷,
荏,2艹任,
K,2艹至,
J,2艹收,
H,2艹而,
荆,2井刂,
草,2艹早,
F,2艹舛,
荇,2艹行,
E,2艹合,
D,2艹亥,
荃,2艹全,
C,2艹夸,
B,2艹亘,
荀,2艹旬,
A,2艹巩,
,2艹仲,
茼,2艹同,
,4屮屮屮屮,2HH,
茺,2艹充,
茹,2艹如,
茸,2艹耳,
茶,4艹人一小,
茵,2艹因,
茴,2艹回,
茳,2艹江,
兹,4R一幺幺,
茱,2艹朱,
茯,2艹伏,
茭,2艹交,
茬,2艹在,
茫,3艹氵亡,
,2艹光,
,2艹后,
茨,2艹次,
,2艹多,
,2艹字,
,2艹聿,
,2艹臣,
,2艹臣,
茜,2艹西,
茛,2艹艮,
茚,2艹印,
,2艹戎,
,2艹^,
茗,2艹名,
,2艹穴,
,2艹句,
茌,2艹仕,
,2艹氐,
,2艹丘,
茉,2艹末,
茈,2艹此,
茇,2艹,
茆,2艹卯,
茅,2艹矛,
茄,2艹加,
茂,2艹戊,
茁,2艹出,
,2艹弗,
,2艹必,
,2艹瓜,
,2艹生,
苻,2艹付,
~,2艹乎,
苷,2艹甘,
|,2艹失,
苴,2艹且,
{,2艹冬,
z,2艹乍,
英,2艹央,
苯,2艹本,
w,2艹幼,
苫,2艹占,
u,2艹丙,
t,2艹白,
苦,2艹古,
若,2艹右,
苤,2艹丕,
苣,2艹巨,
q,4艹尸^一,
苡,2艹以,
苠,2艹民,
苟,2艹句,
苞,2艹包,
苜,2艹目,
苛,2艹可,
o,2艹用,
n,2艹立,
苘,2艹,
苗,2艹田,
m,2艹由,
苕,2艹召,
苓,2艹令,
苒,2艹冉,
苑,2艹,
苊,2艹厄,
k,2艹匹,
苄,2艹卞,
h,2艹友,
f,2艹亢,
e,2艹仍,
芾,2艹,
芽,2艹牙,
b,2艹夭,
芹,2艹斤,
芸,2艹云,
芷,2艹止,
芴,2艹勿,
芳,2艹方,
_,3艹人七,
花,2艹化,
芰,2艹支,
芯,2艹心,
芮,2艹,
芭,2艹巴,
芫,2艹元,
芪,2艹氏,
芨,2艹及,
^,2艹予,
芥,2艹介,
芤,2艹孔,
],2艹不,
芟,2艹殳,
Z,2艹气,
芙,2艹夫,
芘,2艹比,
W,2艹大,
V,2艹夕,
芒,2艹亡,
芑,2艹己,
S,2艹下,
芏,2艹土,
芎,2艹弓,
芋,2艹于,
芊,2艹千,
芈,4艹j二丨,
O,2艹叉,
N,2艹弋,
芄,2艹丸,
M,2艹凡,
L,2艹几,
艾,2艹V,
艽,2艹九,
I,2艹力,
艹,3一丨丨,
艳,2丰色,
艴,2弗色,
色,2刀巴,
艰,2又艮,
良,2丶艮,
B,2舟,
舻,2舟卢,
艨,2舟蒙,
舰,2舟见,
,3舟戈,
舣,2舟义,
艟,2舟童,
,2舟O,
舱,2舟仓,
艘,2舟叟,
,2舟益,
,2舟差,
,2舟旁,
,2舟,
,2舟冒,
艏,2舟首,
艋,2舟孟,
艉,2舟尾,
艇,2舟廷,
,2舟余,
艄,2舟肖,
,2舟,
,2舟告,
舾,2舟西,
|,2舟共,
{,2舟甲,
舸,2舟可,
舷,2舟玄,
舶,2舟白,
舵,2舟它,
舴,2舟乍,
舳,2舟由,
舯,2舟中,
舭,2舟比,
般,2舟殳,
舫,2舟方,
航,2舟亢,
x,2舟公,
舨,2舟反,
w,2舟凡,
v,2舟太,
u,2舟巴,
舢,2舟山,
舡,2舟工,
s,2舟刀,
舞,5丿一c一舛,9丿一一丨丨丨丨一舛,
r,4土巛冖牟,
舜,3冖舛,
舛,3夕[丨,
p,3舌舌舌,
o,3人舌官,
铺,2钅甫,
l,2舌炎,
舔,2舌忝,
舒,2舍予,
j,2舌冉,
舐,2舌氏,
舌,2千口,
旧,2丨日,
举,3兴二丨,
兴,2R六,
与,3一?一,
舅,2臼男,
舄,3臼勹灬,
舂,3夫一臼,
舁,2臼廾,
舀,2臼,
a,2干臼,
臾,2臼人,
臻,2至秦,
],2至至,
[,2至存,
至,3一厶土,
Y,2臬危,
X,3自穴方,
V,6自丶丶十丶丶,4自二十二,
U,4自B人人,
臭,2自犬,
臬,2自木,
自,2丶目,
S,2Q,
临,7丨丨丿一丶口丨,
臧,6一爿T丿丶臣,3爿戊臣,
卧,2臣卜,
O,2臣又,
臣,3巨丶丶,
脔,2亦肉,
I,5亡口月果凡,
胪,2月卢,
E,2月燕,
腊,2月昔,
A,2月,
脏,2月庄,
,2月^,
,2月需,
,2月熏,
膑,2月宾,
,2月翠,
脐,2月齐,
,2殿月,
脸,2月佥,
,2月葛,
,2月h,
臆,2月意,
,2月蜀,
,2月e,
臃,2月雍,
臂,2月辟,
臁,2月廉,
臀,2月殿,
脓,2月农,
脍,2月会,
胆,2月旦,
膻,2月,
膺,4广亻隹肉,3广肉,
,2月萃,
膳,2月善,
,2月焦,
,2月番,
,2月登,
,2月毳,
,2月,
膪,2月啻,
腻,2月贰,
膨,2月彭,
膦,2月,
膣,2月窒,
{,2月眷,
胶,2月交,
膝,2月R,
膛,2月堂,
肤,2月夫,
v,2月,
膘,2月票,
u,2月崔,
N,2月国,
r,2月鹿,
o,2旅月,
膏,2高月,
n,2月奚,
l,2月脊,
膊,2月,
膈,2月鬲,
g,2月唐,
f,2月叟,
腽,2月j,
膂,2旅月,
膀,2月旁,
腿,2月退,
腺,2月泉,
腹,2月复,
肠,4月弓丿丿,
b,2月w,
`,2月,
腴,2月臾,
脚,2月却,
腱,2月建,
腰,2月要,
],2月盾,
腭,2月@,
肿,2月中,
腩,2月南,
Y,2月Z,
腧,2月俞,
脑,4月亠V凵,
W,2月音,
U,2月禺,
腠,2月奏,
Q,2月X,
P,2月某,
O,2月屋,
腚,2月定,
腙,2月宗,
M,2月n,
胨,2月东,
腕,2月宛,
腔,2月空,
腓,2月非,
K,2月居,
腑,2月府,
腐,2府肉,3广付肉,
肾,4丨丨又月,
腋,2月夜,
G,2月,
腈,2月青,
F,2月委,
腆,2月典,
D,2月垂,
C,2月卷,
B,2月果,
胼,2月并,
,2月表,
脾,2月卑,
,2月隹,
胀,2月长,
,2月否,
脲,2月尿,
,2月豆,
脯,2月甫,
脬,2月孚,
脱,2月兑,
,2月希,
,2攸月,
,2月,
,2月忒,
,2辰月,
,2月廷,
,2月,
脞,2月坐,
,2月亨,
,3月一自,
胫,2月圣,
,2月求,
脘,2月完,
,3月勿口,
脖,2月孛,
脒,2月米,
脎,2月杀,
脊,4月人二二,
|,2月,
胁,2月办,
脂,2月旨,
x,2月兆,
u,3土戈肉,2?肉,
能,4厶月匕匕,
t,2月行,
s,2月而,
胸,2月匈,
r,2匈月,
q,2月至,
胴,2月同,
胳,2月各,
胲,2月亥,
胱,2月光,
胰,2月夷,
胯,2月夸,
胭,2月因,
胬,2奴月,
胩,2月卡,
o,2月央,
胥,2疋月,
胤,4丿幺月],
n,4月丿一也,
m,2月可,
胡,2古月,
l,2月去,
胞,2月包,
胝,2月氐,
胛,2月甲,
胚,2月丕,
胙,2月乍,
j,2月玄,
胗,3月人彡,
胖,2月半,
i,2月付,
e,2月只,
c,5月丿?丨丿,2月?,
胎,2月台,
胍,2月瓜,
b,2月占,
_,2月,
胄,2由月,
胃,2田月,
胂,2月申,
肽,2月太,
肼,2月井,
肺,2月,
肷,2月欠,
Y,2月比,
X,2月斤,
W,2月勿,
肱,2月,
肯,2止月,
肮,2肉亢,
肭,2月,
肫,2月屯,
肪,2月方,
肩,2踉,
S,2月不,
R,2月分,
肥,2月巴,
Q,2月今,
肢,2月支,
股,2月殳,
肟,2月亏,
肜,2月彡,
肛,2月工,
肚,2月土,
O,2口月,
肘,2月寸,
肖,2小月,
M,2月刃,
肓,2亡月,
K,2月丸,
J,2月勺,
G,2冖月,
肌,2月几,
肋,2月力,
肇,3蹼俄,
肆,2M聿,
肄,3匕矢聿,
B,2歹聿,
A,2户聿,
肀,2彐丨,
聿,3彐二丨,
聋,2龙耳,
聍,2耳宁,
,2耳詹,
职,2耳只,
聂,3耳又又,
聩,2耳贵,
听,2口斤,
耸,2从耳,
声,3士尸丨,
聱,2敖耳,
聪,2耳总,
联,2耳关,
,2耳鬼,
,4耳幺幺大,
,2耳癸,
,2耳禹,
,2耳,
闻,2门耳,
,2耳空,
聚,3耳又Z,
聘,2耳j,3耳由@,
圣,2又土,
|,2耳告,
x,2耳而,
w,2耳兆,
聊,2耳卯,
u,2耳幼,
聆,2耳令,
聃,2耳冉,
耿,2耳火,
耽,2耳,
n,2耳,
m,2耳云,
l,2耳今,
耷,2大耳,
耶,2耳阝,
k,2耳],
耱,2耒磨,
i,2耒n,
耢,2耒劳,
耧,2耒娄,
耪,2耒旁,
耩,2耒,
耨,2耒辱,
耦,2耒禺,
耥,2耒尚,
_,2耒加,
^,2耒且,
耜,4耒尸^一,
],2耒台,
耙,2耒巴,
耘,2耒云,
耗,2耒毛,
耖,2耒少,
耕,2耒井,
耔,2耒子,
[,2耒丁,
耒,2末一,
Z,2山而,
耐,2而寸,
Y,2而彡,
而,5一丶冂丨丨,
耋,2老至,
W,2S至,
U,2老句,
T,2S句,
耆,2老日,
者,3土丿日,2老日,
耄,2老毛,
考,3土丿@,2老@,
老,3土丿匕,2老匕,
耀,2光翟,
Q,2羽,
,2岁羽,
翼,2羽,
翻,2番羽,
翱,2皋羽,
翘,2尧羽,
L,2羽,
翳,2∮,
翰,5十日十人羽,
G,2羽高,
翮,2鬲羽,
翩,2扁羽,
A,2宣羽,
翦,2前羽,
翥,2者羽,
@,2口,
,2羽妾,
翡,2非羽,
翠,2羽卒,
翟,2羽隹,
,2攸羽,
,2多羽,
翕,2合羽,
翔,2羊羽,
习,2刁丶,
,2羽句,
,3羽人彡,
翎,2令羽,
,2羽皮,
翌,2羽立,
翊,2立羽,
,2甲羽,
,2羽,
翅,2支羽,
,2羽支,
,2羽分,
,2羽中,
羽,2习习,
羼,2尸,
,2羊需,
羹,2羔美,
羸,5亡口月羊凡,
,2羊,
,2羊番,
羲,4羊禾@戈,
羯,2羊曷,
{,2羊咸,
z,2羊空,
义,2丶V,
羡,2羊次,
羧,2羊,
羟,2羊圣,
群,2君羊,
s,2羊戎,
r,2羊夷,
羞,3羊丿丑,
羝,2羊氐,
q,2羊宁,
羚,2羊令,
l,2羊殳,
k,2羊永,
羔,2羊灬,
h,2羊久,
g,3艹土久,
美,2羊大,
e,2大羊,
羌,2羊儿,
羊,3R三丨,
羁,3革马,
a,3革奇,
罴,2罢灬,
罗,2夕,
],2幕,
罾,2曾,
Y,3厂剡,
罹,3忄隹,
罢,2去,
S,2留,
骂,3口口马,
Q,2思,
罱,2南,
罚,3讠刂,
O,2音,
置,2直,
M,2,
罪,2非,
罩,2卓,
罨,2奄,
I,2O,
H,2弟,
G,2圭,
罡,2正,
罟,2古,
E,2矛,
B,2瓜,
A,2?木,
罕,2?干,3冖八干,
罔,4冂R一亡,
,2冖V,
,4冖丨丨一,
罐,2缶q,
,2缶,
罂,3贝贝缶,
,2缶尊,
罅,2缶,
罄,3声殳缶,2缶,
,2缶后,
,2缶瓦,
缺,2缶,
,2缶灬,
缸,2缶工,
缶,3丿二山,
缆,2纟览,
纛,2毒h,
缵,2纟赞,
纤,2纟千,
缨,2纟婴,
续,2纟卖,
纩,2纟广,
缬,2纟颉,
K,3米糸页,
纂,4竹目大丝,
缤,2纟宾,
继,4纟丨一米,3纟?米,
绎,4纟又二丨,
V,2辟糸,
缴,2纟敫,
缲,2纟,
缳,2纟,
缰,2纟,
绳,2纟黾,
F,3苜大糸,
缋,2纟贵,
绕,2纟尧,
,2素卓,
缭,2纟,
缮,2纟善,
织,2纟只,
缯,2纟曾,
,2糸,
繇,3月缶系,
缪,2纟,
缫,2纟巢,
繁,3每攵糸,
绩,2纟责,
縻,2麻糸,
缥,2纟票,
缕,2纟娄,
缦,2纟曼,
缩,2纟宿,
缡,2纟离,
缝,2纟逢,
县,2且厶,
g,2月v,
e,4士冖系殳,
缛,2纟辱,
缟,2纟高,
缜,2纟真,
缚,2纟,
缣,2纟兼,
绉,2纟刍,
T,2般糸,
缒,2纟追,
缢,2纟益,
缙,2纟晋,
萦,3艹冖丝,
缠,3纟广里,
,2纟j,
致,2至攵,
缇,2纟是,
缏,2纟便,
练,3纟东一,
,2广e,
缈,3纟目少,
缑,2纟侯,
缅,2纟面,
缓,2纟爰,
编,2纟扁,
缌,2纟思,
缘,2纟彖,
缗,2纟e,
缔,2纟帝,
缎,2纟段,
缉,2纟,3丝口耳,
,2纟泉,
缂,2纟革,
缄,2纟咸,
缃,2纟相,
绱,2纟尚,
,2纟英,
绪,2纟者,
u,2每系,
总,3R口心,
绯,2纟非,
缁,2纟甾,
绲,2纟昆,
绵,2纟帛,
绫,2纟,
绰,2纟卓,
绽,2纟定,
绮,2纟奇,
绺,2纟咎,
纶,2纟仑,
缀,2纟,
绷,2纟朋,
网,3冂VV,
纲,2纟冈,
绾,2纟官,
,2纟,
綮,3户攵糸,
维,2纟隹,
绶,2纟受,
线,2纟戋,
綦,2其糸,
绻,2纟卷,
缍,2纟垂,
综,2纟宗,
,2夸系,
绥,2纟妥,
,2纟谷,
绨,2纟弟,
绠,2纟更,
绡,2纟肖,
绢,2纟O,3丝口月,
绘,2纟会,
绛,2纟,
丝,2纟纟,
统,2纟充,
,2纟至,
絮,2如糸,
给,2纟合,
绚,2纟旬,
络,2纟各,
绞,2纟交,
绔,2纟夸,
e,3丰刀糸,
d,2攸糸,
绝,2纟色,
绗,2纟行,
经,2纟圣,
绊,2纟半,
组,2纟且,
终,2纟冬,
绌,2纟出,
绐,2纟台,
绋,2纟弗,
绀,2纟甘,
绍,2纟召,
,3纟宀一,
绅,2纟申,
绁,2纟世,
绂,2纟,3纟友丶,
细,2纟田,
累,2田丝,
紫,2此糸,
索,3十冖糸,
纺,2纟方,
素,2丰糸,
纭,2纟云,
纷,2纟分,
级,2纟及,
纸,2纟氏,
,2纟,
纱,2纟少,
,2纟引,
纰,2纟比,
纯,2纟屯,
纾,2纟予,
纽,2纟丑,
纳,2纟内,
纹,2纟文,
紊,2文糸,
纫,2纟刃,
纥,2纟乞,
纡,2纟于,
红,2纟工,
约,2纟勺,
纣,2纟寸,
纪,2纟己,
纠,2纟L,
糸,2幺小,
g,2粜翟,
籴,2入米,
d,4Q臼殳米,
粝,2米厉,
b,2j米,
糯,2米需,
],2米,
糨,2米,
粮,2米良,
X,2米需,
W,2米散,
V,4米日,2米,
U,2米莫,
T,2米竟,
糠,2米康,
糟,2米曹,
粪,2米共,
糁,2米参,
糜,2麻米,
糙,2米造,
糖,2米唐,
N,2米蚤,
L,4米艹厂用,
K,2米弱,
J,2米,
I,2米屑,
糍,2米兹,
糌,4米夂人日,
G,2米前,
糊,2米胡,
糈,2米胥,
糇,2米侯,
E,2米面,
糅,2米柔,
D,2米扁,
B,2米甚,
@,2米果,
精,2米青,
粽,2米宗,
粼,2w,
粹,2米卒,
,2米其,
,2米,
粤,4丶冂米亏,
粳,2米更,
粲,3x又米,
粱,4氵刀八米,
,2米孚,
,2米舛,
粥,3弓米弓,
粢,2次米,
,2米共,
粞,2米西,
粜,2出米,
肃,4肀八丿丨,
,4米丿一也,
,2米由,
粘,2米占,
,2米巨,
,2米甘,
粒,2米立,
,2米尺,
,2米毛,
,2米a,
,2比米,
粉,2米分,
},2米少,
|,2米勿,
{,2米反,
x,2米千,
v,2米寸,
籽,2米子,
籼,2米山,
s,2米女,
r,2米_,
o,2米十,
米,2R木,
m,3竹雨l,4竹雨隹隹,
l,2竹矍,
箩,2竹罗,
篱,2竹离,
笾,2竹边,
c,2竹e,
a,2竹龠,
籁,2竹赖,
Z,2竹R,
Y,2竹嬴,
箨,2竹择,
],2竹戋,
T,2竹g,
S,2竹霍,
Q,2竹榴,
O,2竹潘,
L,2竹滕,
籍,2竹c,
筹,2竹寿,
G,2竹翟,
E,2竹甄,
D,2竹豪,
C,2竹^,
B,2竹c,
簿,2竹薄,
签,2竹佥,
,2竹k,
簸,3竹其皮,
檐,2木詹,
,2竹,
,2竹,
,2竹,
,2竹脾,
,2竹牌,
,4竹筮人口,
,2竹路,
,4竹夫夫日,
,2竹巽,
簦,2竹登,
篑,2竹贵,
简,2竹间,
,2竹G,
簟,2竹覃,
箪,2竹g,
,2竹,
,4竹戈巾,
箫,2竹肃,
{,2竹勒,
z,2竹衰,
x,4竹目大么,
w,2竹衰,
簏,2竹鹿,
u,2竹措,
篓,2竹娄,
簌,2竹F,
簋,3竹艮皿,
s,2竹基,
r,2竹造,
簇,2竹族,
p,2竹寇,
o,2竹a,
n,2竹扈,
m,2竹移,
箦,2竹责,
h,2竹御,
篼,2竹兜,
g,2竹票,
f,2竹捭,
e,4竹目大?,
篷,2竹逢,
a,2竹逐,
筚,2竹毕,
_,2竹彗,
笼,2竹龙,
Z,2筑手,3竹巩手,
篪,2竹,
筛,2竹师,
X,2竹除,
W,2竹a,
篦,3竹囟比,
篥,2竹栗,
笃,2竹马,
篡,4竹目大厶,
q,2竹条,
Q,2竹涅,4竹氵日工,
篝,2竹,
O,2竹弱,
篚,2竹匪,
篙,2竹高,
N,2竹c,
K,2竹盍,
G,3竹甘欠,
F,2竹眇,
E,2竹秋,
篌,2竹侯,
箧,3竹匚夹,
C,2竹洪,
筑,2竹巩,
A,2竹封,
篇,2竹扁,
篆,2竹彖,
范,2艹,
,2竹眉,
,2竹星,
篁,2竹皇,
,2竹重,
,2竹屋,
箸,2竹者,
,2竹施,
,2竹省,
箴,2竹咸,
,2竹洗,
箱,2竹相,
,2S子,
,2竹便,
箭,2竹前,
箬,2竹若,
,2竹卒,
,2竹刺,
箢,2竹宛,
管,2竹官,
,2竹卷,
箝,2竹,
箜,2竹空,
,2竹孤,
,3竹合刂,
,2竹服,
,2竹,
算,3竹目廾,
箕,2竹其,
箔,2竹泊,
,2竹帚,
箐,2竹青,
筝,2竹争,
箍,3竹才匝,
|,2竹到,
z,2竹於,
y,2竹拐,
x,2竹治,
箅,2竹畀,
u,2竹卑,
t,2竹取,
筻,2竹更,
m,2竹旱,
筷,2竹快,
l,2竹告,
筵,2竹延,
j,2竹廷,
筲,2竹肖,
筱,2竹攸,
h,2竹助,
g,2竹弄,
d,2竹匣,
笕,2竹见,
`,2竹完,
_,2竹,
^,2竹良,
],2竹利,
筢,2竹把,
\,2竹余,
筠,2竹均,
[,2竹孚,
X,2竹耒,
筘,2竹扣,
答,2竹合,
U,2竹,
筒,2竹同,
筐,2竹匡,
筏,2竹伐,
笋,2竹尹,
筌,2竹全,
筋,3竹肉力,
等,2竹寺,
Q,2竹舌,
筇,2竹邛,
笔,2竹毛,
筅,2竹先,
O,2竹兆,
L,2竹曲,
K,2竹圭,
J,2竹各,
笸,2竹叵,
F,2竹卯,
E,2竹矢,
D,2竹,
C,2竹可,
笳,2竹加,
B,2竹弁,
笱,2竹句,
@,2竹奴,
笮,2竹乍,
,2竹令,
笫,5竹丿?丨丿,
笪,2竹旦,
,2竹代,
笨,2竹本,
,2竹册,
符,2竹付,
笥,2竹司,
笤,2竹召,
,2竹包,
,2竹且,
笠,2竹立,
笞,2竹台,
,3竹囗又,
笛,2竹由,
笙,2竹生,
,2竹以,
,2竹比,
,2竹今,
笑,2竹夭,
,2竹亢,
笏,2竹勿,
,2竹内,
,2竹牙,
,2竹s,
笈,2竹及,
,2竹卞,
笆,2竹巴,
,2竹爻,
笄,2竹开,
,2竹工,
竿,2竹干,
竽,2竹于,
,2竹凡,
,2竹力,
竺,2竹二,
竹,6丿一丨丿一|,
,2p,
竞,2立兄,
,4立鬲[丨,8立一口[丨冂RB,
,2立尊,
{,2立厘,
端,2立Z,3立山而,
竭,2立曷,
y,2立禹,
竖,3刂又立,
v,2立宜,
u,2立卓,
t,2立身,
竦,2立束,
童,2立里,
s,2立宏,
竣,2立,
r,2立矣,
章,2立早,
竟,3立日儿,
p,2立立,
龙,2尤丿,
m,2立宁,
站,2立占,
l,2立句,
k,2立少,
g,3亠R可,
e,2立殳,
c,2立廾,
a,2立几,
立,3亠R一,
窃,2穴切,
窦,2穴卖,
\,2穴p,
窍,2穴巧,
窜,2穴串,
窿,2穴隆,
U,2穴款,
S,2穴巢,
窥,2穴规,
O,2穴悉,
N,2穴聊,
窭,2穴娄,
,2穴鸟,
K,2穴真,
窳,3穴瓜瓜,
I,2穴l,
窑,2穴缶,
穷,2穴力,
窬,2穴俞,
E,2穴契,
洼,2氵圭,
窝,2穴呙,
窨,2穴音,
@,2穴卒,
窟,2穴屈,
,2穴`,
窘,2穴君,
窗,2穴囱,
窖,2穴告,
窕,2穴兆,
,3穴厶心,
窒,2穴至,
,2穴圭,
,2穴@,
,2穴卯,
,2穴出,
,2穴瓜,
,2穴丙,
窈,2穴幼,
窆,2穴乏,
,2穴目,
窄,2穴乍,
,2穴牛,
突,2穴犬,
窀,2穴屯,
穿,2穴牙,
,2穴夭,
,2穴木,
,2穴于,
空,2穴工,
穹,2穴弓,
穸,2穴夕,
究,2穴九,
,2穴乙,
穴,2宀八,
,2禾爵,
穰,2禾襄,
,2禾,
t,2禾鲁,
z,2禾需,
y,5禾衣八井一,
秽,2禾岁,
穑,2禾啬,
,2禾农,
u,2禾遂,
r,2禾童,
q,2禾焦,
o,2禾,
l,2禾集,
k,2禾黄,
j,2禾,
h,2禾w,
颖,3匕禾页,
稣,2鱼禾,
b,2禾既,
a,2禾犀,
`,2麻禾,
^,2禾康,
穗,2禾惠,
Z,2禾茸,
谷,3八人口,
稿,2禾高,
稽,3禾尤旨,
稼,2禾家,
稹,2禾真,
V,2禾畜,
稷,4禾田儿夂,2禾,
U,2禾,
稻,2禾舀,
称,2禾尔,
P,2禾胥,
O,4禾凶八夂,
种,2禾中,
M,2禾皆,
L,2禾X,
K,2禾w,
J,2禾复,
I,2禾胃,
H,2禾扁,
G,2禾契,
C,2禾或,
禀,3亠回示,
@,2禾朋,
,2禾困,
稚,2禾隹,
,2禾其,
稗,2禾卑,
,2禾,
,2禾享,
,2禾昔,
,2禾固,
,2禾v,
稍,2禾肖,
,2禾余,
程,2禾呈,
,2禾弟,
,2禾更,
,2禾旱,
,2禾困,
稆,2禾吕,
税,2禾兑,
,2禾,
稃,2禾孚,
稂,2禾良,
,4亠口冂禾,
稀,2禾希,
移,2禾多,
,2禾任,
秸,2禾吉,
,2次禾,
,2禾因,
,2禾合,
,2禾舌,
,2禾寺,
,2禾同,
,2禾台,
秭,5禾丿?丨丿,
秫,2禾X,
秩,2禾失,
},2禾乍,
秦,3手T禾,2?禾,
|,2禾占,
秤,2禾平,
秣,2禾末,
z,2禾,
租,2禾且,
x,2禾由,
w,2禾禾,
v,2禾尼,
t,2禾半,
秘,2禾必,
r,2禾夭,
秕,2禾比,
p,2禾亢,
秒,2禾少,
科,2禾斗,
n,2禾云,
m,2禾毛,
l,2禾分,
秋,2禾火,
秉,2禾肀,6丿一彐丨丿T,
i,2禾山,
h,2禾丸,
秆,2禾干,
f,2禾子,
e,2禾人,
私,2禾厶,
秀,2禾乃,
秃,2禾几,
禾,2丿木,
禽,2人离,
c,5卜口V冂厶,
禺,2日b,
b,2冂厶,
^,2礻龠,
禳,2礻襄,
祷,2礻寿,
祢,2礻尔,
礼,2礻],
X,2礻遂,
V,2礻覃,
禅,2礻单,
T,2礻,
禧,2礻喜,
P,3礻羽,
N,3礻日羽,
l,2礻马,
L,2礻,
K,2礻唐,
J,2礻高,
I,2礻,
G,2礻w,
禚,2礻羔,
E,2礻帝,
D,2礻思,
C,2礻某,
A,2礻是,
,2礻禺,
福,2礻w,
祯,2礻贞,
祸,2礻呙,
,2礻兹,
,2礻,
禊,2礻契,
,2礻者,
,2礻卑,
,2礻直,
,2礻周,
禁,2林示,
禄,2礻录,
,2礻,
,2礻卒,
,2礻果,
祺,2礻其,
,2礻,
,2礻弟,
,2礻困,
,2礻辰,
,4礻彐冖又,
,1,2礻兑,3示兑,
,2礻吉,
祭,2硎,
,2礻至,
,2礻合,
,2礻危,
祧,2礻兆,
,2礻吴,
祥,2礻羊,
祠,2礻司,
祟,2出示,
神,2礻申,
祝,2礻兄,
祜,2礻古,
祛,2礻去,
祚,2礻乍,
|,2礻未,
{,2示示,
祗,2礻氐,
祖,2礻且,
y,2礻付,
祓,2礻,
r,2礻中,
q,2礻殳,
p,2礻方,
祉,2礻止,
祈,2礻斤,
祆,2礻天,
n,2礻夭,
m,2礻介,
k,2礻也,
祁,2礻阝,
祀,2礻巳,
j,2礻勺,
社,2礻土,
i,2礻乃,
礻,4丶乙丨丶,
示,2二小,
d,2石霜,
礴,2石薄,
c,2石磨,
砻,2龙石,
\,3〈笫,5木爻木大石,
砾,2石乐,
砺,2石厉,
X,2石,
矿,2石广,
礤,2石蔡,
礞,2石蒙,
O,2石需,
碍,4石日一寸,2石?,
礓,2石,
础,2石出,
,2石雷,
硷,2石佥,
礅,2石敦,
,2石掌,
礁,2石焦,
,2石,
,2石集,
,2石番,
磺,2石黄,
,2石覃,
,2石奠,
磷,2石,
,2石舄,
磴,2石登,
,2石曾,
磲,2石渠,
,2石善,
矶,2石几,
,2石,
磬,3声殳石,2石,
,2石崔,
,2石戚,
磨,2麻石,
碛,2石责,
,2石票,
,2石累,
碜,2石参,
},2石爽,
|,2石勘,3石甚力,
,2石卤,
z,2石,
y,2石崩,
x,2石敖,
w,2石祭,
砖,2石专,
磙,2石衮,
t,3石缶,
r,2石,
磕,2石盍,3石去皿,
磔,2石桀,
},2石岂,
磐,2般石,
n,2石兼,
l,2石害,
k,2石真,
磊,3石石石,
磉,2石桑,
j,2石鬼,
h,2石骨,
磅,2石旁,
g,2石唐,
f,2石,
e,2石留,
磁,2石兹,
d,2石逆,
c,2石屑,
碾,2石展,
码,2石马,
`,2石高,
确,2石角,
碹,2石宣,
砜,2石风,
碴,2石查,
碳,2石炭,
碲,2石帝,
碱,2石咸,
Y,2石是,
砀,4石弓丿丿,
W,2石,
V,2石段,
U,2石甚,
硕,2石页,
S,2石畏,
碧,3王白石,
R,2石客,
碥,2石扁,
Q,2石英,
碣,2石曷,
碟,2石,3石世木,
N,2品石,
碚,2石,
碘,2石典,
J,2石奇,
I,2石武,
碓,2石隹,
H,2石金,
碑,2石卑,
G,2石,
F,2石昔,
碎,2石卒,
碌,2石录,
E,2石岢,
碇,2石定,
B,2波石,
A,2石,
@,2石林,
,2石青,
,2石宗,
,2石空,
,2石垂,
,2石奄,
硼,2石朋,
,2石X,
,2石松,
,2石岸,
,2石岑,
,2石谷,
,2石困,
,2沙石,
硭,2石芒,
硬,2石更,
硫,4石亠厶川,2石?,
砗,2石车,
,2石弄,
硖,2石夹,
,2石孝,
,2石宏,
,2石良,
,2石延,
,2石告,
硝,2石肖,
n,2石圣,
y,2石并,
硐,2石同,
x,2石,
硎,2石刑,
硌,2石各,
t,2石聿,
s,2石吉,
硇,2石囟,
r,2石合,
硅,2石圭,
q,2石光,
p,2石朱,
砼,2石仝,
砹,2石艾,
砸,2石匝,
砷,2石申,
k,2石白,
破,2石皮,
h,2石包,
砰,2石平,
砭,2石乏,
砬,2石立,
c,2石母,
砩,2石弗,
b,2石,
砧,2石占,
砦,2此石,
砥,2石氐,
砣,2石它,
`,2石可,
_,2石玉,
砟,2石乍,
砝,2石去,
砘,2石屯,
Z,2石a,
研,2石开,
Y,2石殳,
砒,2石比,
X,2石及,
W,2石分,
V,2石介,
砍,2石欠,
砌,2石切,
砉,2丰石,
S,2石厄,
R,2石文,
Q,2石夫,
P,2石水,
O,2石,
N,2石丹,
砂,2石少,
矾,2石凡,
J,2石兀,
矸,2石干,
H,2石刂,
G,2石丁,
石,3一丿口,
矫,2矢乔,
矮,2矢委,
短,2矢豆,
矬,2矢坐,
矩,2矢巨,
A,2矢夭,
矧,2矢引,
@,2y矢,
知,2矢口,
,2弓矢,
矣,2厶矢,
矢,2丿天,
,2矛矍,
,2矛昔,
,2矛肖,
,2矛令,
矜,2矛今,
矛,2予丿,
瞩,2目属,
矗,3直直直,
,2目q,
,2目龙,
,2目霍,
,2目X,
矍,2瞿又,3目目b,4目目隹又,
,2目^,
,2目翟,
,2目熏,
,2目,
瞿,3目目隹,
瞽,2鼓目,
睑,2目佥,
瞻,2目詹,
|,2目~,
Z,2目贵,
瞵,2目,
瞳,2目童,
x,2目,
瞰,2目敢,
s,2目覃,
瞪,2目登,
r,2目,
瞧,2目焦,
q,2目喜,
瞢,4艹冖目,
瞠,2目堂,
瞟,2目票,
瞒,3目艹两,
l,2目离,
i,2目寅,
h,2目莫,
眍,2目区,
e,2∧,
瞑,2目冥,
`,2袁,
瞎,2目害,
瞍,2目叟,
瞌,2目盍,3目去皿,
_,2目真,
眯,2目米,
瞅,2目秋,
瞄,2目苗,
Y,2目盾,
X,2盾,
睾,3丶幸,
睽,2目癸,
V,2目是,
U,2目宣,
睹,2目者,
S,2目眉,
R,2目建,
Q,2目春,
N,2目奎,
K,2目若,
I,2目俞,
H,2目周,
睬,2目采,
睫,2目C,
G,2幸,
F,2目,
睨,2目,
睦,2目v,4目土儿土,
睥,2目卑,
督,2叔目,
睢,2目隹,
睡,2目垂,
C,2目卷,
B,2目卒,
睐,2目来,
睁,2目争,
睛,2目青,
,4一口?,
,2目,
,2目宛,
,2目希,
,2目,
,2目免,
,2目我,
,2目O,
,2目呈,
睇,2目弟,
,2目完,
,2目旱,
,2目肖,
,4丨厂目,
,2目永,
眼,2目艮,
眺,2目兆,
,2目关,
眷,3R夫目,2?目,
眶,2目匡,
眵,2目多,
,2目旬,
,2目名,
,2目夷,
,2目至,
,2目同,
眭,2目圭,
眨,2目乏,
|,2目召,
眦,2目此,
{,2此目,
y,2目失,
眢,2砟,
x,2目氐,
眠,2目民,
真,4十目一八,2直八,
w,5匕目丨一八,
v,2目宁,
t,2目未,
眚,2生目,
眙,2目台,
s,3大R目,
r,2目句,
q,2目兄,
p,3目人彡,
o,4目丨八八,
n,2目,
l,2目幼,
j,2目央,
h,4目丨一小,
看,2手目,
g,2目毛,
眉,3尸丶目,
眈,2目,
眇,2目少,
f,2目方,
e,2目反,
眄,2目D,
d,2目云,
c,2目氏,
b,2目月,
a,2目文,
盾,3厂十目,
^,2目斤,
盹,2目屯,
相,2木目,
,2亻待,
,2克分,
\,2目元,
怕,2忄白,
,2牟力,
俳,2亻非,
亟,4@口又一,
战,2占戈,
,2邦巾,
,2彳宗,
下,2一卜,3一丨丶,
,2才邪,
懊,2心奥,
,2木伐,
徒,2彳走,
得,4彳日一寸,
旒,6方丿一亠厶川,4方丿一?,
式,2弋工,
山,2凵丨,
姑,2女古,
墙,2土啬,
平,2干R,
好,2女子,
慵,2忄庸,
媒,2女某,
峒,2山同,
呗,2口贝,
呒,2口无,
嗉,2口素,
,2亻玄,
懵,2忄瞢,
冀,2北,
,2口重,
偌,2亻若,
,2匡力,
准,2冫隹,
,2女,
占,2卜口,
到,2至刂,
兔,5刀口丨儿丶,
,2巾景,
厦,2厂夏,
,2尸贝,
怖,2忄布,
忱,2忄,
,2忄F,
崩,2山朋,
思,2田心,
悦,2忄兑,
,2日彗,
婵,2女单,
孛,3十冖子,
勖,2冒力,
峥,2山争,
呙,2口内,
廾,3一丿丨,
崦,2山奄,
,2告力,
,2口,
,2口度,
倏,2攸犬,
,2亻由,
,2亻思,
世,3廿丨一,
杳,2木日,
导,2巳寸,
卓,3卜日十,
侠,2亻夹,
奔,2大卉,
,2女足,
,2忄弦,
涂,2氵余,
,2日,
峡,2山夹,
妨,2女方,
,2忄扁,
岳,2丘山,
戳,2翟戈,3羽隹戈,
寰,2宀,
婢,2女卑,
乩,2占乙,
噶,2口葛,
峋,2山旬,
,2元台,
,2亻L,
堇,3廿口丰,
,2每力,
,3丨一入,
呔,2口太,
崂,2山劳,
倬,2亻卓,
屏,2尸并,
劬,2句力,
,2亻且,
,2尸辰,
志,2士心,
拙,2才出,
,2山翁,
丫,3丶丶丨,
揖,2才,3手口耳,
,2女廷,
,2睿圣,
恿,2甬心,
尉,3尸示寸,
,2山品,
,2巾票,
,2女,
,2彳C,
,2土需,
,2女共,
,2口磨,
凭,2任几,
倭,2亻委,
夤,2夕寅,
,2亠,
戮,2戈,
,2亻车,
婀,2女阿,
闷,2门心,
,2殪,
崃,2山来,
,2克力,
,2亻世,
,2亻契,
吖,2口丫,
季,2禾子,
展,3尸??,
怨,2硇,3夕?心,
庸,3广聿,4广用冂二,
妇,2女彐,
俟,2亻矣,
,2女克,
尘,2小土,
势,3执力,
悠,2攸心,
城,2土成,
,2直心,
制,4丿二巾刂,
,2女成,
隽,2隹乃,
,2女登,
,2口爰,
墓,2莫土,
厩,2厂既,
愀,2忄秋,
,2亻w,
仄,2厂人,
娓,2女尾,
,2克千,
,2口皇,
,2口化,
直,4十目丨一,
嫫,2女莫,
咂,2口匝,
岣,2山句,
虑,2虍心,
,2氵娄,
,2山隹,
,2尸吊,
,2木爽,
惹,2若心,
俑,2亻甬,
,2土炎,
,3口遂,
,4山凶八夂,
忧,2忄尤,
,2臾心,
懈,2忄解,
,2忄暴,
,2彳周,
侥,2亻尧,
寄,2宀奇,
,2人匀,
婊,2女表,
榛,2木秦,
,2圭力,
刍,2刀彐,
媲,3女囟比,
哪,2口那,
呋,2口夫,
,6女彳山一王攵,
峄,4山又二丨,
崆,2山空,
湍,2氵Z,3氵山而,
,2喜攴,
四,2囗儿,
,2亻只,
枨,2木长,
垢,2土后,
,2甬力,
,2口殳,
嘶,2口斯,
帜,2巾只,
幽,3山幺幺,
,2女危,
,2忄疑,
夷,2大弓,3一弓人,
,2彳西,
心,4丿]丶丶,
夂,3丿丿T,
弈,2亦廾,
寂,2宀叔,
幕,2莫巾,
,2土w,
古,2十口,
啄,2口X,
,2口昝,
婆,2波女,
夯,2大力,
,2土q,
,2v丸,
,3女免生,
净,2冫争,
吣,2口心,
岷,2山民,
,4刀内目夂,
不,4一丿丨丶,
,4亻尸^一,
伺,2亻司,
坊,2土方,
,2攸田,3亻丨备,
够,2句多,
,2克力,
屎,2尸米,
张,2弓长,
,2女多,
优,2亻尤,
,2忄昏,
宓,2宀必,
,4月R夫巾,3月?巾,
,2彳生,
夼,2大川,
,2口千,
,2亻秋,
,3厂上儿,
坪,2土平,
倥,2亻空,
,2口郁,
凳,2登几,
桉,2木安,
盲,2目亡,
盱,2目于,
Y,2目干,
,2口本,
目,2囗二,
X,4幺幸攵皿,
W,5臣丿一古皿,
V,3合酉皿,
荡,2艹汤,
T,3幸攵皿,
卢,2卜尸,
Q,3今酉皿,
盥,3臼水皿,
盘,2舟皿,
监,6丨丨丿一丶皿,
N,2畎皿,
L,2彖皿,
盟,2明皿,
盏,2戋皿,
J,2皿,
盗,2次皿,
盛,2成皿,
H,2求皿,
G,2甫皿,
F,2皿,
盔,2灰皿,
E,2@皿,
盒,2合皿,
盎,2央皿,
盍,2去皿,
D,2砻,
C,2忝,
O,2疒氏,
B,2禾皿,
宠,2宀龙,
A,2太皿,
盆,2分皿,
痤,2疒坐,
@,2t皿,
疚,2疒久,
,2乃皿,
径,2彳圣,
皿,2砸,
嘘,2口虚,
,2壹皮,
b,2亻舜,
皱,2刍皮,
N,2疒,
悻,2忄幸,
,2查皮,
两,5一冂丨人人,
皴,2嫫,
,2求皮,
干,2一十,
,2皮干,
皮,4^丿丨又,2丿支,
唾,2口垂,
,2白霍,
,2白,
,2皇晃,
,2土奇,
,2白敫,
,2白V,
皤,2白番,
,2白,
,2白w,
,2白崔,
,2白皋,
,2皇光,
扁,2,
呓,2口艺,
皑,2白岂,
皙,2析白,
|,2白青,
{,2白周,
皖,2白完,
,2山畏,
y,2白旱,
皓,2白告,
x,2白我,
背,2北月,
v,2白并,
皎,2白交,
u,3白匕卩,
t,2白末,
皋,2白本,3白大十,
齐,3文丿丨,
r,2白此,
皈,2白反,
皇,2白王,
g,2疒,
捂,2才吾,
的,2白勺,
p,2白儿,
,2米田,
o,2白十,
n,2白匕,
,4方丿一介,
百,2一白,
白,2丶日,
登,2h豆,
发,3丿友丶,2丿,5丿一丿又丶,
,2尸辛,
恸,2忄动,
e,2疒n,
癫,2疒颠,
瘫,2疒难,
癯,2疒瞿,
瘾,2疒隐,
瘿,2疒婴,
癣,2疒鲜,
癞,2疒赖,
架,2加木,
疬,2疒历,
期,2其月,
疖,2疒节,
痒,2疒羊,
痴,2疒知,
瘪,3疒自仑,
癜,2疒殿,
,2林冗,
,5木丿?丨丿,
栝,2木舌,
疠,2疒万,
N,2疒雷,
癖,2疒辟,
伯,2亻白,
癔,2疒意,
椽,2木彖,
棘,2cc,
癍,2疒斑,
,2女,
E,2疒,
瘅,2疒单,
痫,2疒闲,
痨,2疒劳,
@,2疒,
,2疒焦,
癃,2疒隆,
疗,2疒了,
,2疒,
癀,1,2疒黄,3病黄,
,2疒堇,
瘼,2疒莫,
瘘,2疒娄,
弦,2弓玄,
瘸,3疒加肉,
坶,2土母,
,2疒F,
瘵,2疒祭,
瘴,2疒章,
瘳,2疒,
,2木,
瘗,2疒夹,
瘰,2疒累,
愚,2禺心,
},2疒参,
瘭,2疒票,
瘩,2疒E,
,2疒真,
疟,3疒[一,
瘦,2疒叟,
瘥,2疒差,
畿,4幺幺戈田,2滋,
,2疒鬼,
瘢,2疒般,
宥,2宀有,
瘠,2疒脊,
,2疒座,
,2疒o,
,2疒息,
瘛,2疒恝,
,2疒,
瘙,2疒蚤,
,2疒音,
k,2田丁,
,2疒苦,
瘐,2疒臾,
吕,2口口,
,2疒甚,
疡,4疒弓丿丿,
瘌,2疒剌,
疯,2疒风,
瘊,2疒侯,
戟,3十早戈,
,2疒契,
|,2疒昔,
瘃,2疒X,
痖,2疒亚,
瘁,2疒卒,
瘀,2疒於,
痿,2疒委,
z,2疒阿,
拽,2才曳,
痼,2疒固,
x,2疒昏,
w,2疒卑,
痹,2疒畀,
v,2疒制,
u,2疒奄,
撩,2才,
s,2疒季,
,2果攴,
麻,2广林,
痱,2疒非,
痰,2疒炎,
,2春心,
,2才步,
旖,4方丿一奇,
堵,2土者,
仿,2亻方,
嘎,2口戛,
孤,2子瓜,
娼,2女昌,
宦,2宀臣,
悸,2忄季,
峤,2山乔,
,2巾N,
,2尸非,
,2山旁,
庇,2广比,
岩,2山石,
嫱,2女啬,
右,3一丿口,
渫,2氵,
从,2人人,
忠,2中心,
嵬,2山鬼,
匾,2匚扁,
咄,2口出,
尥,2尢勺,
垡,2伐土,
家,2宀豕,
恳,2艮心,
烈,2列灬,
,2才其,
,2口食,
且,2月一,
,2女敫,
室,2宀至,
n,2疒朋,
,3彳正正,
方,2亠刀,
,2山真,
,2尸,
延,3廴丿止,
承,2槿,
敌,2舌攵,
感,2咸心,
接,2才妾,
加,2力口,
坑,2土亢,
居,2尸古,
劣,2少力,
,2亻素,
庖,2广包,
嬉,2女喜,
,2皆力,
,3女免生,
,2女兑,
擞,2才数,
,2彳敝,
,2忄音,
l,3疒申又,
,2女,
惭,2忄斩,
中,2口丨,
堆,2土隹,
孕,2乃子,
囱,3丶囗夕,
痧,2疒沙,
坌,2土分,
寡,3宀直分,
傩,2亻难,
拘,2才句,
啃,2口肯,
,2亻央,
叫,2口L,
嵊,2山乘,
庥,2广休,
,2土育,
,2女矣,
市,2亠巾,
,2贳力,
刃,2刀丶,
尚,3小冂口,
,2忄甚,
,2彳童,
,2才典,
仓,2人?,
,2尸,
痦,2疒吾,
k,1,2疒兑,3病兑,
怪,2忄圣,
垩,2亚土,
痣,2疒志,
傺,2亻祭,
匮,2匚贵,
垦,2艮土,
咝,2口丝,
,2亻占,
卵,3卯丶丶,4[丿丶m,
姥,2女老,
痢,2疒利,
,2女言,
搜,2才叟,
恃,2忄寺,
,4口口口木,
妊,2女壬,
兄,2口儿,
弊,2敝廾,
,3尸彳,
字,2宀子,
刂,2丨|,
j,2疒甫,
匙,2是匕,
底,2广氐,
哐,2口匡,
,2亻茸,
i,2疒,
局,3尸?口,
,2十豆,4士口R一,
嫜,2女章,
,2牛口,
手,3丿二|,
弥,2弓尔,
,2日助,
凶,2凵V,
,2忄冀,
,4彳山王攵,
俗,2亻谷,
妥,2女,
刈,2V刂,
吩,2口分,
冈,2冂V,
宰,2宀辛,
幼,2幺力,
吃,2口乞,
丛,2从一,
,2亻辱,
孔,2子乙,
嶂,2山章,
庵,2广奄,
壑,6卜冖一谷又土,
咀,2口且,
,3士士士,
勺,2勹丶,
,2口尺,
痞,2疒否,
嬷,2女麽,
以,3□丶人,
,2木关,
嗽,2口F,3口束欠,
,2山,
,2客心,
,2亻唐,
,2井再,
庾,2广臾,
嶙,2山,
拮,2才吉,
f,2疒d,
仍,2亻乃,
旁,4亠R冖方,
弛,2弓也,
姓,2女生,
痛,2疒甬,
囤,2囗屯,
,2木,
岗,2山冈,
苏,2艹办,
,2女取,
,2山,
,3R一屮,
,2广么,
哉,3土戈口,2?口,
嵩,2山高,
庠,2广羊,
咴,2口灰,
,2力,
e,2疒孝,
,2口高,
痉,2疒圣,
徽,4彳山糸攵,
收,2L攵,
暝,2日冥,
日,2口丶,
柙,2木甲,
普,2R晋,
嬖,2辟女,
恼,4忄亠V凵,
,2土奉,
痘,2疒豆,
仁,2亻二,
墒,2土商,
c,2疒每,
崤,2山肴,
嗯,2口恩,
痕,2疒艮,
,2亻平,
朗,2良月,
潦,2氵,
,2束力,
榕,2木容,
枧,2木见,
匪,2匚非,
厥,2厂,
偈,2亻曷,
凰,2几皇,
凼,2凵水,
剿,2巢刂,
妓,2女支,
,4忄凶八夂,
痔,2疒寺,
,2辟巾,
八,2丿U,
乘,2禾北,3禾丬匕,
允,2厶儿,
帐,2巾长,
媸,2女蚩,
,2土`,
伤,4亻丿一力,
人,2丿T,
,2山唐,
,2丘尼,
奘,2汛,
了,2^|,
崾,2山要,
,2良力,
涫,2氵官,
姿,2次女,
,2木F,
偎,2亻畏,
厮,3厂斯P,
喝,2口曷,
杓,2木勺,
叭,2口八,
,2忄是,
慈,2心,
,2扌兑,
嫠,4未攵厂女,
,2女意,
侨,2亻乔,
巳,3?一],
,2亻甘,
寥,2宀,
崴,2山威,
,2v力,
偃,2亻],3亻匚z,4亻匚日女,5人匚日女,
渡,2氵度,
忌,2己心,
^,2疒亥,
先,3丿土儿,
杖,2木丈,
尤,2尢丶,4一丿]丶,
壬,2丿士,
巧,2工万,
痍,2疒夷,
,2口奔,
,2取土,
嗳,2口爱,
崛,2山屈,
奕,2亦大,
派,3氵厂氏,2氵?,
刮,2舌刂,
何,2亻可,
咨,2次口,
嘉,4吉R一加,5士口R一加,
,2木母,
凵,3丨一丨,
惴,2忄Z,3忄山而,
,2才昏,
参,3厶大彡,
仙,2亻山,
,2巾蔑,
恝,3丰刀心,
,2忄w,
,2彳旁,
,2女番,
,2尾子,
嫔,2女宾,
痊,2疒全,
任,2亻壬,
嵘,2山荣,
,2卷力,
梦,3木木夕,
奈,2大示,
,2火票,
傥,2亻党,
,2氵泰,
枷,2木加,
幌,2巾晃,
断,4丨一米斤,
,2木鹿,
孜,2子攵,
废,2广发,
盐,3土卜皿,
椅,2木奇,
,2忄蔑,
,2才宛,
,2忄畏,
症,2疒正,
形,2开彡,
,2尸雨,
上,3丶丨一,
,2女志,
,5田田田田土,
嫖,2女票,
,2口,
嵛,2山俞,
,2亻C,
孟,2子皿,
[,2疒尼,
呶,2口奴,
惶,2忄皇,
傧,2亻宾,
固,2囗古,
堤,2土是,
刺,2c刂,3木冂刂,
病,2疒丙,
拖,4才丿一也,
痄,2疒乍,
,2山兼,
商,5亠R冂儿口,3亠R,
,2彳票,
嫦,2女常,
,2才到,
庀,1匕,
嵯,2山差,
撂,2才,3手田各,
痃,2疒玄,
尴,2尢监,
捞,2才劳,
嘞,2口勒,
呦,2口幼,
偬,2亻S,
,2亻去,
仗,2亻丈,
,2面力,
,2口威,
咸,3戊一口,
,3士冖匕,
,2女旱,
痂,2疒加,
,2山容,
,2彳犀,
币,2一巾,
仆,2亻卜,
嫣,2女焉,
匆,2勿丶,
,2S斗,
崽,2山思,
桊,3R夫木,2?木,
咛,2口宁,
客,2宀各,
就,2京尤,
尢,2一人,3一丿],
朝,4十日十月,2月,
偻,2亻娄,
,2亻皮,
,3一丿冂,
,2女遂,
,2女吾,
广,3丶一丿,
兮,2八@,
恒,2忄亘,
姐,2女且,
X,2疒弗,
掴,2才国,
哜,2口齐,
噔,2口登,
,3亻一正,
,2囗厶,
,2口示,
檩,2木禀,
摄,2才聂,
,2女录,
,3夂[丨,
,4土R夫土,3土?土,
,2二心,
廨,2广解,
疾,2疒矢,
噍,2口焦,
咻,2口休,
,2戈口,
多,2夕夕,
圯,2土巳,
疼,2疒冬,
帚,3彐冖巾,
W,2疒只,
,2气西,
V,2疒乏,
库,2广车,
,2亻a,
,2冖皂,
疹,3疒人彡,
,2亻合,
,2口{,
疸,2疒旦,
,2巢力,
,2口氐,
U,2疒氐,
,2土突,
T,2疒世,
,2忄力,
疵,2疒此,
疴,2疒可,
意,2音心,
,2木施,
卩,2丨?,
坂,2土反,
汆,2入水,
捺,2才奈,
疳,2疒甘,
冕,2日勉,3冂二勉,
噜,2口鲁,
徉,2彳羊,
漆,2氵R,
,2亻全,
,2山工,
,2女需,
,2广兆,
柔,2矛木,
厢,3厂相,
,2囗云,
,2女,
,3土八夂,
俞,4人一月刂,
垫,2执土,
,2忄大,
疱,2疒包,
叉,2又丶,
巽,3己己共,
劂,2厥刂,
坫,2土占,
,2木最,
桠,2木亚,
茔,3艹冖土,
捭,2才卑,
徙,2彳h,3彳止疋,
嚆,2口蒿,
,2口只,
,2口奚,
,2亻危,
培,2土,
枢,2木区,
,2山山,
,2山曹,
,2囗不,
,2土彖,
亦,4亠丿|八,
册,3??一,
,2晶辰,
搬,2才般,
,2忄乞,
夺,2大寸,
,3百冖戈,
坻,2土氐,
捩,2才戾,3手户犬,
哥,2可可,
冁,2单展,
,2口骨,
,2口世,
,2番力,
喷,2口贲,
哝,2口农,
噫,2口意,
怄,2忄区,
,2广衣,
,2敖山,
,2山干,
疫,2疒殳,
,2女帛,
晴,2日青,
殒,2歹员,
典,2曲八,
充,2亠允,
变,2亦又,
,2朔心,
,2忄干,
兼,6R一肀丨丨八,
,2氵戢,
哚,2口朵,
告,2牛口,
,2木且,
,2口四,
忉,2忄刀,
,2冖林,
奇,2大可,
,2亻艮,
梨,2利木,
,2木并,
,2广冬,
獒,2敖犬,
,2山兀,
,2囗水,
,2土柬,
寸,3一|丶,
崇,2山宗,
宙,2宀由,
,2戈呈,
墟,2土虚,
,2千心,
惧,2忄具,
垆,2土卢,
哄,2口共,
卒,3亠人十,
,2屿,
,2木耳,
佩,3亻几,
,2木矍,
徜,2彳尚,
咪,2口米,
垮,2土夸,
五,3二丨?,
,2广技,
,2哥戈,
,2忄骨,
叔,3上小又,2又,
儒,2亻需,
店,2广占,
,2孚各,
,2土X,
彦,4亠R厂彡,
疥,2疒介,
戒,2廾戈,
坨,2土它,
掮,2才肩,
,2亻先,
冂,2丨乙,
夔,6R一止自卩夂,
其,3甘一八,
彗,3丰丰彐,
忡,2忄中,
冷,2冫令,
弯,2亦弓,
射,2身寸,
,2才敫,
卿,3[丿即,
,2日燕,
,2口兹,
,2囗化,
,2土皆,
,2女,
卞,2丶下,
,2山反,
于,2二|,
帝,4亠R冖巾,
疣,2疒尤,
宗,2宀示,
刳,2夸刂,
,2木参,
M,2疒火,
L,2疒亏,
,2心,
疏,4疋亠厶川,2疋?,
佰,2亻百,
庹,3广廿尺,
嵴,2山脊,
内,2冂人,
哒,2口达,
,2土固,
,3革大喜,
暾,2日敦,
悔,2忄每,
枵,2木号,
K,2疒下,
嬲,3男女男,
,2亻必,
掌,3尚口手,
役,2彳殳,
折,2才斤,
咱,2口自,
疙,2疒乞,
敦,2享攵,
坟,2土文,
,2女董,
必,2心丿,
廒,2广敖,
I,2疒工,
,2由月,3由冂二,
嫩,2女敕,
孚,2子,
,2土,
,2口,
圳,2土川,
价,2亻介,
,2亻,
嘹,2口,
嶷,2山疑,
官,2宀?,
,3卯斤,
,2广牙,
,5彳日出大水,
,2女弦,
,2山力,
,2口邕,
幺,2?厶,
孥,2奴子,
,2冖且,
圹,2土广,
截,3土戈隹,2?隹,
回,2囗口,
噗,2口,
召,2刀口,
再,4一冂十一,
忿,2分心,
屹,2山乞,
厕,2厂则,
侈,2亻多,
崔,2山隹,
,2广斤,
,2忄S,
,2彳瞿,
,2女,
,3士固,
刨,2包刂,
少,2小丿,
,2亻,
尕,2乃小,
,2冖米,
劫,2去力,
假,2亻,
毁,3臼工殳,
圬,2土亏,
嘭,2口彭,
嶝,2山登,
抠,2才区,
哓,2口尧,
哆,2口多,
剞,2奇刂,
G,2疒乃,
尺,2尸T,
无,2一尢,
,2广今,
疑,4匕矢?疋,
,2跃,
,2女垂,
妻,3一肀女,
F,4十冖田疋,
,2冖人,3冖丿],
,2票力,
圪,2土乞,
擂,2才雷,
恨,2忄艮,
哔,2口毕,
嫁,2女家,
杠,2木工,
弟,3Rt丿,4R弓丨丿,
耻,2耳止,
堰,2土],
,2忄矍,
,2彳襄,
,2入山,
E,2疋束,
,2女其,
,2土尊,
,2土岸,
冗,2冖几,
,2口民,
廪,2广禀,
倪,2亻,
,2亻回,
具,3目一八,
揶,2才耶,
咿,2口伊,
噢,2口奥,
哼,2口享,
坜,2土历,
份,2亻分,
周,3冂土口,
摧,2才崔,
攒,2才赞,
暨,2既旦,
D,2疋旦,
,2亻并,
榉,2木举,
塑,2朔土,
,2囗亢,
,2口害,
孢,2子包,
,2土w,
,2女慈,
,2阿女,
,2山刃,
,2忄己,
,2广此,
寇,3宀元攴,
儡,2亻,4亻田田田,
噙,2口禽,
哌,3口厂氏,
卉,2十廾,
,2方亢,
垛,2土朵,
封,3土土寸,2圭寸,
疋,3^卜人,
叠,2,
A,3宀,
写,2冖与,
屋,2尸至,
,2象力,
,2口兄,
奢,2大者,
,2夂丰,
,2女,
孳,2兹子,
妮,2女尼,
幂,4冖日大巾,
,2广甲,
廛,4广里儿土,
垒,2土,4厶厶厶土,
嘬,2口最,
捃,2才君,
佘,2人示,
,2囗民,
弪,2弓圣,
,2口必,
企,2人止,
审,2宀申,
,2女委,
梭,2木,
拆,2才斥,
仇,2亻九,
别,2另刂,
大,2人一,
敷,2觌,3甫方攴,
扼,2才厄,
仳,2亻比,
惑,2或心,
垓,2土亥,
俭,2亻佥,
掾,2才彖,
唑,2口坐,
囹,2囗令,
,2亻累,
,2亻米,
尿,2尸水,
,2囗正,
乞,3丿一乙,
,2立口,
,2女果,
唔,2口吾,
,2土皇,
垌,2土同,
,2山分,
夙,2几歹,
序,2广予,
畴,2田寿,
丑,4?一丨一,
域,2土或,
凋,2冫周,
厄,2厂?,
夫,2二人,
疆,3弓土,
候,5亻丨^一矢,2侯丨,
或,3口一戈,
掘,2才屈,
框,2木匡,
,2冫束,
,2亻聿,
屙,2尸阿,
,2女卷,
屦,3尸彳娄,
,2勹,
,2忄屯,
婉,2女宛,
恬,2忄舌,
,2山央,
否,2不口,
尊,2酋寸,
雕,2周隹,
垧,2土向,
仞,2亻刃,
兖,2亠,
摒,2才屏,
唣,2口皂,
,2亻宅,
埋,2土里,
囵,2囗仑,
,2火舟,
弩,2奴弓,
丘,2厂工,3厂B一,
,2甚多,
,2田,
损,2才员,
,2口打,
勿,3勹丿丿,
,2忄,
,2户乙,
宛,2宀,
疃,2田童,
,2山乍,
,2山翕,
,2广顷,
娥,2女我,
佛,2亻弗,
叼,2口刁,
吼,2口孔,
伢,2亻牙,
桂,2木圭,
攫,2才瞿,
唧,2口即,
摅,2扌虑,
吗,2口马,
囿,2囗有,
怏,2忄央,
,2女忝,
,5亠厶冖夕,
,2土眉,
,2囗豕,
,2敖口,
,2口台,
弼,3弓百弓,
坯,2土丕,
,2才肯,
削,2肖刂,
,2忄a,
各,2夂口,
伥,2亻长,
,2木界,
增,2土曾,
嘱,2口属,
,2亻崩,
圉,2囗幸,
怫,2忄弗,
埚,2土呙,
击,2二山,
搛,2才兼,
泅,2氵囚,
,2即土,
啮,2口齿,
,2田,
,2广苗,
婿,2女胥,
,2忄氐,
姻,2女因,
,2山介,
扶,2才夫,
振,2才辰,
忽,2勿心,
垴,4土亠V凵,
傣,2亻泰,
亳,4亠口冂乇,
伛,2亻区,
唏,2口希,
,2亻,
泷,2氵龙,
怦,2忄平,
仅,2亻又,
囫,2囗勿,
,2田重,
,2女定,
,4山日,2山,
,2山皮,
弭,2弓耳,
孽,2薛子,
,2忄翁,
,2公心,
,3吕L吕,5口口L口口,
媵,4月R夫女,3月?女,
乎,4丿R一|,
佐,2亻左,
孵,2卵孚,
吊,2口巾,
,2亻如,
,2才孟,
怍,2忄乍,
唪,2口奉,
圄,2囗吾,
摁,2才恩,
埕,2土呈,
婶,2女审,
属,2尸禹,
,2山穴,
启,2户口,
,2冫栗,
,2土重,
,2大十,
刽,2会刂,
呼,2口乎,
憎,2忄曾,
喻,2口俞,
主,2丶王,
呆,2口木,
圜,2囗,
喵,2口苗,
怊,2忄召,
吏,3一口V,4一口丿T,
,5一田一田一,3三田田,
埙,2土员,
搠,2才朔,
剪,2前刀,
侩,2亻会,
倦,2亻卷,
岭,2山令,
彡,3丿丿丿,
,2口句,
,2力,
,2冫工,
尻,2尸九,
仃,2亻丁,
浑,2氵军,
弘,2弓厶,
畹,2田宛,
d,2王昌,
想,2相心,
坞,2土乌,
,2忄凡,
佃,2亻田,
,2忄赫,
,2土,
呻,2口申,
入,2U丿,
,2山月,
畲,2余田,
屉,2尸世,
娟,2女O,3女口月,
坼,2土斥,
,2e力,
劐,2^刂,
,2大冫,
,2J田,
戈,4一U丿丶,
,2木奠,
忮,2忄支,
徨,2彳皇,
噱,2口e,
侮,2亻每,
,2广寺,
,2忄也,
搽,2才茶,
惦,2忄店,
措,2才昔,
,5丶囗丿丿丶,
,2女,
徼,2彳敫,
,2亓,
哞,2口牟,
滂,2氵旁,
彖,2豕,
勹,2丿?,
奸,2女干,
坭,2土尼,
差,3羊丿工,
愁,2秋心,
伍,2亻五,
娱,2女吴,
,2女兔,
,2彐夕,
,2山及,
崎,2山奇,
扈,2跻,
,2口他,
,2囗禾,
唠,2口劳,
凌,2冫,
,2冫合,
妈,2女马,
描,2才苗,
匐,2勹w,
仉,2亻几,
垭,2土亚,
借,2亻昔,
昏,2氏日,
伴,2人半,
,2田,
,2山尉,
,2广酉,
,2忄及,
予,3?^|,
,2夕卩,
殡,2歹宾,
,2巴山,
嘛,2口麻,
,2冫民,
娘,2女良,
撅,2才厥,
揞,2才音,
哳,2口折,
匡,2匚王,
兕,2凹儿,
,2田余,
挫,2才坐,
,2才,
察,2宀祭,
,2五心,
巷,2共己,
,2山勿,
,2女奇,
孙,2子小,
孱,2尸N,4尸子子子,
,2口去,
,2冫,
嚅,2口需,
唛,2口麦,
念,2今心,
彘,3比矢,4匕矢匕,
溟,2氵冥,
款,3士示欠,
忾,2忄气,
匍,2勹甫,
亻,2丿丨,
,2氵空,
,2木列,
,2余田,
割,2害刂,
憋,2敝心,
,3目目心,
画,3一由凵,
殚,2歹单,
,2山n,
,2夏夂,
,2女叔,
害,3宀丰口,
,2土曷,
,2口央,
,2勹九,
,3囗儿方,
另,2口力,
,2多吉,
宽,3宀艹见,
巾,2冂丨,
,2山番,
喉,2口侯,
嘴,2口觜,
彬,2林彡,
俄,2亻我,
,2才易,
,2田各,
略,2田各,
享,3亠口子,
添,2氵忝,
殪,2歹壹,
呛,2口仓,
,2亻安,
桁,2木行,
屐,3尸彳支,
彭,2葬,
怙,2忄古,
,2口弗,
,2口拿,
,2囗台,
快,2忄,
,2女炎,
唢,3口小贝,
,2山今,
,2山曾,
奠,2酋大,
,2人w,
屣,2尸徙,
栾,2亦木,
,2冫余,
,3田八夂,
,3十田久,
亩,2亠田,
畛,3田人彡,
抉,2才,
},3丶w田,
|,2田瓜,
畔,2田半,
y,2亩人,
x,2火田,
w,3一口田,
畏,3田一□,
畎,2田犬,
v,2田介,
界,2田介,
畋,2田攵,
u,2田井,
,2才焦,
畈,2田反,
s,2田匀,
娅,2女亚,
p,2申勺,
o,2田久,
n,2由丌,
畀,2田丌,
l,2田川,
町,2田丁,
j,2由@,
甸,2勹田,
惰,3忄左月,
攮,2才囊,
g,2勿用,
甬,2?用,
甫,3一丶用,
f,2丶用,
甩,2月],
用,2月丨,3冂十一,
e,3生生月,
d,2更生,
甥,2生男,
c,2豕生,
产,2立丿,
暧,2日爱,
琨,2王昆,
^,2尚甘,
枕,2木,
\,2甘舌,
甚,2其],
甙,2甘弋,
甘,2廿一,
,2木共,
Y,2雍瓦,
X,2詹瓦,
甓,2辟瓦,
甑,2曾瓦,
V,2瓦,
甏,2彭瓦,
甍,4艹冖瓦,
,3又又又,
S,2瓦,
Q,2兼瓦,
械,2木戒,
L,2秋瓦,
K,2扁瓦,
I,2垂瓦,
瓿,2鹜,
枣,2c冫,
桢,2木贞,
D,2M瓦,
C,2O瓦,
瓶,2并瓦,
扛,2才工,
瓴,2令瓦,
@,2古瓦,
,2亻奚,
,2方瓦,
,2分瓦,
,2瓦反,
哽,2口更,
,4瓜豕虫虫,
瓤,2襄瓜,
瓢,2票瓜,
,2忄客,
瓠,2夸瓜,
,2瓜包,
瓞,2瓜失,
,2瓜勺,
,2王I,
瓒,2王赞,
愤,2忄贲,4心十艹贝,
,2王`,
,2王襄,
璎,2王婴,
,2王,
,2王黎,
z,2王,
x,2王^,
w,2王需,
玺,2尔玉,
r,2王翠,
,2王宾,
撵,2才辇,
,2日覃,
j,2王遂,
i,2王瑟,
,2口墨,
d,2王敫,
,2王当,
b,2王,
璩,2王e,
璨,2王粲,
璧,2辟玉,
瑷,2王爱,
`,2王敬,
玑,2王几,
,2忄勤,
Q,2王进,
栲,2木考,
桌,3木卜日,
璞,2王,
璜,1,2王黄,3玉黄,
W,2王,
查,2木旦,
U,2王,
S,2王渠,
Q,2王曾,
O,2王登,
璐,2王路,
M,2王彘,
K,2王寅,
璋,2王章,
琏,2王连,
H,2王敖,
璇,2王旋,
,2木即,
椴,2木段,
位,2亻立,
璃,2王离,
D,2王基,
璁,2王,
璀,2王崔,
C,2∮,
婧,2女青,
,2王常,
,2王荼,
,2王蚤,
,5士冖一王殳,
,2王差,
o,2王仓,
,2王真,
琅,2王良,
,2王栗,
瑭,2王唐,
,2流玉,
刻,2亥刂,
莹,3艹冖玉,
,2王x,
,2忄林,
瑶,3王缶,
,2王容,
恐,2巩心,3工凡心,
瑟,2王必,
瑞,2王Z,
,2王皇,
瑜,2王俞,
`,2王叔,
瑙,3王巛囟,
,2王耶,
瑗,2王爰,
,2王段,
瑕,2玉,
,2王泉,
,2直心,
早,2日十,
,2王彖,
,2王前,
,2王穿,
,2王皆,
掐,2才`,
玮,2王韦,
{,2王咸,
,2亻此,
券,3R夫刀,2?刀,
x,2王毒,
w,2王星,
v,2王是,
u,2王宣,
s,2王眉,
,2山曷,
,2奇攴,
珲,2王军,
p,2王界,
o,2王者,
珐,3王法m,
,2文扁,
k,2王卓,
琶,2王巴,
X,2王卒,
琴,3王王今,
琳,2王林,
i,2王非,
h,2王周,
琰,2王炎,
g,2王官,
f,2王,
琛,2王A,
e,2王奉,
,2山,
,2女簋,
,2女京,
傍,2人旁,
嵇,3禾尤山,
宣,2宀亘,
名,2夕口,
披,2才皮,
妃,2女己,
汽,2氵气,
,2囗Z,
塞,4宀井大土,
,2亻旬,
帔,2巾皮,
利,2禾刂,
寅,4宀一由八,
怔,2忄正,
,2句欠,
佞,3亻二女,
,2山巨,
,2女争,
,2女,
,2忄奚,
喧,2口宣,
,2忄今,
,2勹亡,
,2冰,
,2土音,
,2^大,
机,2木几,
仵,2亻午,
晋,2亚日,
,2亻式,
怎,2乍心,
吁,2口于,
,1,3才又虫,
代,2亻弋,
啧,2口责,
搋,2才,
,4木户^一,
国,2囗玉,
琦,2王奇,
所,2踅,
剥,2录刂,
b,2王,
屮,2凵丨,
a,2王,
琢,2王X,
基,2其土,
埒,2土,
六,2亠八,
,2氵千,
岿,2山归,
啉,2口林,
曾,5八口丨R曰,
殆,2歹台,
伉,2亻亢,
嬴,5亡口月女凡,
儿,2丿],
,2明空,
,2广盍,
,2忄巨,
^,2王隹,
,2山且,
,2口耳,
,2口既,
妍,2女开,
,2土罡,
,3亻革大,
,2冫崔,
区,2匚V,
埯,2土奄,
壶,3士冖业,
圾,2土及,
励,2厉力,
摞,2才累,
,2火斯,
帑,2奴巾,
带,3卅冖巾,
,2忄忝,
喳,2口查,
佧,2亻卡,
包,2勹己,
\,2王F,
,2大大,
妣,2女比,
,2口耳,
,2勹合,
,2亻竟,
撖,2才敢,
唼,2口妾,
帼,2巾国,
冼,2冫先,
琚,2王居,
埝,2土念,
,2氵子,
政,2正攵,
佝,2亻句,
Z,2王或,
威,3戊一女,
,2隋山,
犍,2建,
,2山立,
,2大小,
,2女幸,
妁,2女勺,
,2津土,
,2口百,
叁,3厶大三,
,2勹缶,
,2亻存,
宁,2宀丁,
傀,2亻鬼,
哈,2口合,
帙,2巾失,
件,2亻牛,
御,2彳卸,
伫,3亻宀一,4亻宀丁,
座,2广坐,
Y,2王昏,
升,2千丨,3丿十丿,
凝,2冫疑,
慢,2忄曼,
例,2亻列,
撄,2扌婴,
,2木旦,
俘,2亻孚,
拯,2才丞,
T,2王完,
待,2彳寺,
P,2王利,
奎,2大圭,3大土土,
,2因欠,
伏,2亻犬,
更,3一申人,
,2日十,
N,2王希,
琉,4王亠厶川,2王?,
,2木保,
L,2王秀,
K,2王O,
球,2王求,
槌,2木追,
I,4王丿一疋,
H,2王含,
G,2王足,
,2亻四,
C,2王每,
B,2王君,
A,2王成,
@,2王吾,
,2王武,
,2王弟,
,2彳呈,
,2王我,
半,3八一十,
班,3玉刂王,
,2王戌,
,2王圭,
,2王合,
,2王向,
珥,2王耳,
,2王缶,
,2王艮,
,3王王人,
嘧,2口密,
切,2七刀,
,2山是,
啪,2口拍,
,2王因,
,2亻昝,
,2王先,
,2王光,
,2王,
,2王存,
,2王交,
,2王聿,
,2王,
,2王必,
,2王卯,
珈,2王加,
},2王台,
|,2王申,
{,2王生,
z,2王冉,
珂,2王可,
y,2王瓦,
嗫,2口聂,
援,2才爰,
v,2王句,
u,2王此,
玻,2王皮,
t,2王玄,
s,2王包,
r,2王平,
庭,2广廷,
p,2王世,
玲,2王令,
n,2王比,
斯,2其斤,
玫,2王攵,
,3文虫臾,
j,2王允,
i,2王,
h,2王月,
,2日刀,
玢,2王分,
,2日高,
d,2王介,
玟,2王文,
c,2王夫,
b,2王午,
a,2王公,
^,2王己,
玖,2王久,
\,2王干,
[,2王川,
,2木夸,
胧,2月龙,
效,2交攵,
W,2王力,
玎,2王丁,
,2木瓜,
,3女厶月,
e,2木忍,
S,4玄丿一氏,
率,5玄冫丶丶十,
R,2玄玄,
Q,2玄少,
P,2犭矍,
猡,2犭罗,
楔,2木契,
K,2犭襄,
媪,2女j,
獭,2犭赖,
B,2犭蒙,
A,2犭需,
獯,2犭熏,
獬,2犭解,
独,2犭虫,
忖,2忄寸,
,2犭葛,
,2犭敫,
,2忄蒙,
獠,2犭,
幄,2巾屋,
,2犭,
惨,2忄参,
卦,2圭卜,
判,2半刂,
囊,9一口丨冂口口井一?,
,2土卒,
剩,2乘刂,
,2犭崔,
,2犭w,
,2犭敖,
寞,2宀莫,
獍,2犭竟,
,2犭曼,
,2犭V,
,2犭秦,
|,2犭皋,
狮,2犭师,
x,2犭原,
v,2犭叟,
猿,2犭袁,
叨,2口刀,
u,2犭冥,
t,2犭,
猹,2犭查,
尾,2尸毛,
p,2犭扁,
猴,2犭侯,
o,2犭,
担,2才旦,
猱,2犭柔,
,2昔斤,
斐,2非文,
k,2犭彖,
猩,2犭星,
j,2犭爰,
猥,2犭畏,
g,2犭癸,
f,4犭凶八夂,
猢,2犭胡,
猞,2犭舍,
猝,2犭卒,
猛,2犭孟,
姹,2女宅,
a,2犭制,
猗,2犭奇,
`,2犭宗,
猓,2犭果,
_,2厝,3日月犬,
\,2犭肩,
Y,3犬犬犬,
猊,2犭,
X,2犭其,
W,2犭卑,
V,2犭虎,
栈,2木戋,
T,2犭非,
森,3木木木,2木林,
R,2犭旱,
Q,2犭沙,
P,2犭延,
O,2犭折,
狈,2犭贝,
狼,2犭良,
狻,2犭,
狭,2犭夹,
L,2犭希,
K,2犭,
J,2犭老,
I,2犭同,
,5山戊丁丶丿,4山戊一小,
楦,2木宣,
劭,2召力,
E,2犭吉,
D,2犭兆,
C,2犭各,
狡,2犭交,
狠,2犭艮,
B,2犭亘,
@,2犭古,
狗,2犭句,
,2犭幼,
,2犭尼,
,2犭皮,
,2犭令,
,2犭示,
,2犭中,
,2犭壬,
狄,2犭火,
狂,2犭王,
狁,2犭允,
状,2丬犬,
,2犭卞,
,2犭犬,
,2犭孔,
,2犭,
,2犭亢,
,2犭乞,
,2犭才,
犯,2犭?,
犭,3丶|丿,
犬,2大丶,
,2牛,4隹言隹牛,
,2夔,
,2魏牛,
,2l牛,3隹隹牛,
,2暴,
犊,2卖,
,2童,
,2,
,2科,
犏,2扁,
,2封牛,
,2,
,2卷,
,3牛牛牛,
犄,2奇,
,2,
,4禾丿刀牛,
犁,2利牛,
咯,2口各,
牿,2告,
牵,3大冖牛,
,2字,
,2全,
,3R夫牛,2?牛,
,2氐,
,2母,
,2可,
凯,2岂几,
,2四,
冠,3冖元寸,
,2戈,
,2牛牛,
,2亢,
牧,2攵,
,2方,
,2亡,
,2刃,
牡,2土,
,2也,
嗾,2口族,
,2亻易,
帧,2巾贞,
牛,3丿一十,
,2尚牙,
牙,4B一|丿,
牍,2片卖,
,2片,
,2片,
牒,2片,
,2?山,3火火,4火火冖山,
,2冖山,
,2片俞,
,2片S,
牌,2片卑,
仂,2亻力,
片,3A丿?,
恶,2亚心,
,2爿,
廊,2广郎,
,2爿可,
爽,3大爻爻,5大VVVV,
爻,2VV,
爷,2父卩,
,2爪,
爰,3一友,
,2冉,
爬,2爪巴,
忸,2忄丑,
爪,3厂丨T,
爨,6臼同冖林大火,
,2火x,4火虫虫虫,
烂,2火兰,
慕,2莫心,3莫小丶,
掂,2才店,
拶,3才巛夕,
夜,4亠亻夕丶,
挂,2才圭,
揿,2才钦,
炉,2火户,
烁,2火乐,
},2才靡,
爆,2火暴,
兆,3儿R八,4冫儿丶丶,
g,4臼同冖火,
夕,3丿丿丶,
崧,2山松,
焘,2寿灬,
,2忄靡,
旄,4方丿一毛,
,2日壹,
口,3丨^一,2冂一,
会,2人云,
啷,2口郎,
U,2火零,
燮,4火言火又,
烛,2火虫,
,3臼土殳,
R,2火廉,
柬,3木囗R,
P,2火敫,
燧,2火遂,
E,2Q火,
,2木规,
烫,2汤火,
燕,4廿北口灬,
燔,2火番,
,2火,
,2火焦,
炖,2火屯,
灯,2火丁,
燃,2火然,
,2火覃,
炽,2火只,
,2火,
熹,2喜灬,
G,3匕火页,
熬,2敖火,
,2火移,
,2火通,
,2火翌,
,2火崔,
,2火逢,
熠,2火,
熘,2火留,
炝,2火仓,
熔,2火容,
,2火,
荧,3艹冖火,
,2火兼,
,2火冥,
熏,3丿一黑,5丿一里R灬,
,2缶,
,2火高,
,2火盍,
,2火j,
熄,2火息,
,2火{,
,2火晃,
,2火恩,
煽,2火扇,
,2火c,
,2火唐,
煺,2火退,
,2火,
,2火南,
,2火品,
,3巛列灬,
炀,4火弓丿丿,
,2火酋,
烦,2火页,
煨,2火畏,
焕,2火奂,
,2火柔,
,2火建,
,2火,
,2火胃,
壅,2雍土,
,2女容,
岱,2代山,
乳,2孚乙,
伧,2亻仓,
峭,2山肖,
悉,2心,
廉,2广兼,
炜,2火韦,
,2叔心,
,2火w,
煎,2前灬,
b,2民刂,
堍,2土兔,
,2亻丕,
煅,2火段,
嘌,2口票,
,2口寸,
烧,2火尧,
,2火昌,
扫,2才彐,
然,3月犬灬,
忏,2忄千,
勐,2孟力,
掀,2才欣,
,2才兵,
焱,3火火火,
掺,2才参,
,2冂口,
拒,2才巨,
插,2才a,3手千臼,
可,3一口|,2丁口,
敕,2束攵,
搴,4宀井大手,
摇,3才缶,
拧,2才宁,
m,2火昔,
斥,2斤丶,
忻,2忄斤,
亘,2二日,
焙,2火,
攻,2工攵,
,2口丑,
,2易攴,
唤,2口奂,
焊,2火旱,
,2日喜,
曩,2日囊,
慌,2忄荒,
\,2火告,
W,2火谷,
,2木冉,
U,2炎土,
,2木周,
烹,2亨灬,
,2木永,
嵌,3山甘欠,
M,2火甫,
|,2月桊,
槊,2木朔,
烯,2火希,
,2木且,
循,2彳盾,
槽,2木曹,
,2木,
烙,2火各,
,3戊一火,
,2火行,
,2火血,
,2火交,
烀,2火乎,
炻,2火石,
为,4丶丿?丶,
备,2夂田,
炷,2火主,
,2火占,
炱,2台火,
炯,2火,
炮,2火包,
炭,2山灰,3山厂火,
,2火召,
,2火甲,
,2火化,
炕,2火亢,
炔,2火,
炒,2火少,
,2火介,
哿,2加可,
,2火殳,
,2火攵,
,2火文,
炅,2日火,
,2火丑,
,2分火,
,2火公,
,2灬,
灼,2火勺,
,2土火,
,2火乇,
,2火工,
,2火刂,
,2火刀,
,2火儿,
火,2R人,
,2氵W,
卖,2十买,
,2氵囊,
灞,2氵霸,
冖,2丶^,
,2失力,
,2氵,
,2氵靡,
,2氵瞿,
影,2景彡,
,2氵爵,
懦,2忄需,
戛,3一自戈,
澜,2氵阑,
悱,2忄非,
,2口俞,
栗,2木,
瀹,2氵龠,
,2口枯,
,2是少,
,2跣,
潋,2氵敛,
匣,2匚甲,
扒,2才八,
寮,2宀,
拴,2才全,
屁,2尸比,
潇,2氵肃,
,2土,
沥,2氵历,
呖,2口历,
瀛,2氵嬴,
娶,2取女,
m,2氵霍,
悝,2忄里,
寒,4宀井大冫,
,2日春,
泻,2氵写,
,3R田日,
朊,2月元,
溅,2氵贱,
构,2木勾,
潍,2氵维,
濯,2氵翟,
滥,2氵监,
栏,2木兰,
,2折女,
涛,2氵寿,
濡,2氵需,
娇,2女乔,
濞,2氵鼻,
,2氵尽,
,2氵荣,
m,2氵尔,
,2重沓,
濉,2氵睢,
婕,2女C,
濂,2氵廉,
激,2氵敫,
,2氵禁,
,2氵辟,
峰,2山,
,2氵感,
澶,2氵,
澳,2氵奥,
淀,2氵定,
,2女否,
,2氵雍,
喈,2口皆,
澧,2氵N,
,2氵解,
,2氵,
渑,2氵黾,
,2氵虞,
,2氵b,
,3氵林日,
涧,2氵间,
,2氵皓,
,2氵,
,2氵,
,2木申,
,2氵,
,2氵景,
,2氵尊,
澈,3氵育攵,
涝,2氵劳,
浇,2氵尧,
澄,2氵登,
,5水山一王攴,7氵彳山一王攵,
,2氵m,
涩,3氵刃止,
涠,2氵围,
,2氵,
,2氵普,
娌,2女里,
吵,2口少,
,2氵黑,
,2氵散,
,2氵屠,
溃,2氵贵,
浔,2氵寻,
潮,2氵朝,
潭,2氵覃,
,2亻舟,
厚,3厂日子,
,2亻正,
悼,2忄卓,
,2物心,
潞,2氵路,
],2土介,
潜,2氵替,
,2亻省,
,4廿北口女,
慊,4忄丶丶兼,
俸,2亻奉,
俾,2亻卑,
颍,3匕水页,
,1,2才吕,3扌吕,4手吕,
浆,3丬夕水,
漾,2氵k,
搂,2才娄,
拜,2手手,
妗,2女今,
撙,2才尊,
偕,2亻皆,
漳,2氵章,
涨,2氵张,
搓,2才差,
挛,2亦手,
漫,2氵曼,
漪,3氵犭奇,
漩,2氵旋,
m,2氵逢,
僚,2亻,
漤,2氵婪,
侉,2亻夸,
,2亻a,
漠,2氵莫,
孝,2S子,
僖,2亻喜,
,2学攵,
曰,2曰一,
漏,2氵,
,4木丿一也,
漉,2氵鹿,
,2b木,
,2木取,
姣,2女交,
Q,2氵崖,
漂,2氵票,
渔,2氵鱼,
,2忄凶,
滚,2氵衮,
慨,2忄既,
,2氵产,
揲,2才,
浒,2氵许,
卤,3卜囗V,
,2木扈,
,2尸田,
榜,2木旁,
沪,2氵户,
滕,4氵R夫水,3氵?水,
滑,2氵骨,
,2氵蚩,
,2氵鬼,
湿,2氵显,
溺,2氵弱,
,2氵素,
溶,2氵容,
,2氵师,
溪,2氵奚,
溥,2氵,
,2氵差,
,2氵蚤,
姊,5女丿?丨丿,
,2氵乘,
,2氵袁,
姆,2女母,
,2氵桂,
,3氵臼工,
,2氵,
,2氵保,
,2氵厘,
,2氵亮,
屠,2尸者,
,2氵泉,
,2氵h,
,2氵K,
,2氵南,
,2氵爰,
,4氵夂一生,
汤,4氵弓丿丿,
,2秋水,
湫,2氵秋,
,3余山山,
喀,2口客,
涌,2氵甬,
崭,2山斩,
,2交力,
恚,2圭心,
岘,2山见,
,2氵w,
忙,2忄亡,
怯,2忄去,
湛,2氵甚,
厨,3厂豆寸,
湘,2氵相,
,2彳弗,
婺,2女,
,2勹奄,
惟,2忄隹,
],2亻孱,
喃,2口南,
,2口玄,
,2冂二,
,2土叔,
嚼,2口爵,
嗡,2口翁,
使,2亻吏,
,2才府,
掇,2才,
才,3一|丿,
,2口,
},2氵弭,
|,2氵虹,
,2才票,
婪,2林女,3木木女,
测,2氵则,
哺,2口甫,
,2才亚,
,3亻日羽,
渠,2木,
,2王八,
减,2冫咸,
渚,2氵者,
涣,2氵奂,
擤,2才鼻,
m,3氵关刂,2敦,
,3R夫力,2?力,
济,2氵齐,
,2日章,
暖,2日爰,
杞,2木己,
揽,2才览,
曝,2日暴,
,2克厘,
淼,3水水水,
浅,2氵戋,
清,2氵青,
涞,2氵来,
渊,4氵片一爿,
淳,2氵享,
壕,2土豪,
,3亠舛木,
荣,3艹冖木,
淦,2氵金,
,2巾冥,
淡,2氵炎,
淞,2氵松,
淝,2氵肥,
,2土具,
槔,2木皋,
泪,2氵目,
富,2宀w,
,2山奚,
桨,3丬夕木,
欷,2希欠,
e,2木羔,
枥,2木历,
,2氵`,
淅,2氵析,
涿,2氵X,
凉,2冫京,
涵,2氵函,
,2氵,
涯,2氵,
,2氵幸,
渎,2氵卖,
,2氵兑,
涔,2氵岑,
涓,2氵O,
涑,2氵束,
,2氵我,
,2氵廷,
,2氵_,
消,2氵肖,
,2氵忡,
浃,2氵夹,
岵,2山古,
浴,2氵谷,
,2氵辰,
,2氵利,
浯,2氵吾,
,3禾尤山,
,2氵更,
浩,2氵告,
,2氵呈,
浦,2氵甫,
,2氵邑,
浠,2氵希,
,2氵攸,
浞,2氵足,
浜,2氵兵,
岙,2夭山,
,2氵尾,
,2氵求,
,2氵,
,2氵关,
,2氵曲,
丐,2正丿,
洽,2氵合,
,2氵名,
洹,2氵亘,
,2尤彡,
,2氵至,
洵,2氵旬,
娆,2女尧,
洳,2氵如,
,2氵巨,
,3氵丰刀,
b,2十廿,
,2氵匡,
席,3广廿巾,
洫,2氵血,
洪,2氵共,
帘,2穴巾,
娉,2女j,
岈,2山牙,
,2氵百,
,2氵全,
,2氵米,
,2氵伊,
,2氵耒,
,2氵牟,
哕,2口岁,
洞,2氵同,
,2氵安,
洛,2氵各,
洚,2氵,
嫂,2女叟,
亠,2丶一,
洗,2氵先,
,2忄介,
,2亻刑,
愣,3忄方,
,2彳及,
洎,2氵自,
峙,2山寺,
,2氵后,
],2刂,
,2山桀,
,2忄,
,2敷心,
洄,2氵回,
僮,2亻童,
泵,2石水,
泳,2氵永,
,2品山,
泰,3手T水,2?水,
坷,2土可,
帕,2巾白,
注,2氵主,
团,2囗才,
乔,3夭丿丨,
波,2氵皮,
坦,2土旦,
,2氵斥,
掉,2才卓,
泛,2氵乏,
,2喜心,
,2亻面,
泗,2氵四,
法,2氵去,
捻,2才念,
|,2氵幼,
,2敝手,
,2才,
泊,2氵白,
泉,2白水,
播,2才番,
泄,2氵世,
撕,2才斯,
敲,2高攵,
恫,2忄同,
沾,2氵占,
俩,2亻两,
挞,2才达,
擦,2才察,
河,2氵可,
,3忄旬子,
沫,2氵末,
泽,4氵又二丨,
,4方丿一,
昵,2日尼,
奴,2女又,
掎,2才奇,
沙,2氵少,
咕,2口古,
唳,2口,
,2晶,
沓,2氵日,
没,2氵殳,
\,2氵丑,
晖,2日军,
亓,2一丌,
沁,2氵心,
U,2水予,
,2木Z,
,2芬木,
,4山凶八夂,
汲,2氵及,
工,2二丨,3一丨一,
汰,2氵太,
悄,2忄肖,
榱,2木衰,
本,2木一,
池,2氵也,
江,2氵工,
宀,2丶冖,
汛,2氵_,
汗,2氵干,
汕,2氵山,
婷,2女亭,
,2氵刁,
汁,2氵十,
汀,2氵丁,
,2水人,
永,3丶一水,
水,4^|丶T,
氰,2气青,
氮,2气炎,
氩,2气亚,
姗,2女册,
氨,2气安,
氦,2气亥,
氤,2气因,
氡,2气冬,
氚,2气川,
氙,2气山,
氘,3气丿丨,
喽,2口娄,
帅,3丨丿巾,
氐,2氏丶,
,4宀毛,
屡,2尸娄,
氇,2毛鲁,
,2酌,
毡,2毛占,
氆,2毛普,
氅,2敞毛,
,2毛,
,2毛莫,
毵,2参毛,
毽,2毛建,
毹,2俞毛,
,2冒毛,
毳,3毛毛毛,
,2毛,
,2毛,
毫,4亠口冂毛,
嘻,2口喜,
,2毛先,
,2毛戎,
,2耳毛,
,2羽毛,
,2毛西,
,2加毛,
,2棕,
毛,3丿一匕,
,4刀口比兔,
,2田比,
毒,2丰母,
,2母也,
卯,2n丿,3[丿卩,
每,3丿一母,
母,6丨一二丶丶|,
,2∥,
,2卵段,
,3臼米殳,
,2高殳,
,2山咸,
,2肴殳,
壳,2士冗,
,2土步,
,2医殳,
,2声殳,
彻,2彳切,
俦,2亻寿,
愧,2忄鬼,
刿,2岁刂,
,2杏,3冂二吁,
咐,2口付,
殛,2歹亟,
残,2歹戋,
殖,2歹直,
,2亡口,
惫,2备心,
,2歹束,
亢,2亠几,
嗦,2口索,
,2才,
悫,2壳心,
死,2歹匕,3一夕匕,
掳,2才虏,
伎,2亻支,
撺,2才窜,
旃,4方丿一,
憧,2忄童,
找,2才戈,
欤,2与欠,
歙,2翕欠,
欢,2又欠,
副,2w刂,
欧,2区欠,
栅,2木册,
椰,2木耶,
歉,2兼欠,
,2木臣,
歇,2曷欠,
歆,2音欠,
歃,2a欠,
楂,2木查,
强,2弓虽,
欹,2奇欠,
,2木禹,
晨,2日辰,
,2木噩,
,2矍,
,2今欠,
,2亻a,
,2木蠡,
,2木n,
榄,2木览,
椤,2木罗,
,2j木,
,2木,
榇,2木亲,
槠,2木诸,
,2木箸,
,5一中冂处呆,
,2木慧,
,2木蔑,
,2木蔡,
,2木,
,2木,
,2木w,
橱,2木厨,
,2亻载,
柜,2木巨,
勰,2邓,
偶,2亻禺,
,2勤心,
壤,2土襄,
槟,2木宾,
,2木寿,
扔,2才乃,
|,2木道,
樯,2木啬,
揩,2才皆,
届,2尸由,
敞,2尚攵,
哂,2口西,
档,2木当,
m,2木,
旱,2日干,
e,2木,
,2日柬,
杼,2木予,
杪,2木少,
檄,2木敫,
喙,2口彖,
妤,2女予,
剖,2鹭,3立口刂,
棠,2尚木,
m,2木忌,
康,2广隶,
桥,2木乔,
橇,2木毳,
楗,2木建,
权,2木又,
,3木竹主,
屺,2山己,
樟,2木章,
,2合柯,
楼,2木娄,
,2木密,
,2木通,
樊,2〈,
,2木竟,
,2木,
姘,2女并,
桩,2木庄,
,2木,
墨,2黑土,
,2木康,
,2木w,
厉,2厂万,
,2四,
,2木患,
,2木逢,
,2木崔,
,2木郭,
,2忄,
槐,2木鬼,
槎,2木差,
枪,2木仓,
技,2才支,
},2木盍,
榻,3木曰羽,
,2尢骨,
榷,2木a,
拭,2才式,
擀,2才,
榭,2木射,
,2典攵,
榫,2木隼,3木隹十,
拍,2才白,
榨,2木窄,
擗,2才辟,
m,2木桀,
昂,2日n,
榘,2矩木,
m,2日丙,
榀,2木品,
乐,3丿丨木,2匚小,
楹,2木盈,
楸,2木秋,
孪,2亦子,
婴,3贝贝女,
业,4丨丨R一,
楫,2木,3木口耳,
楣,2木眉,
楠,2木南,
椹,2木甚,
,2林之,
,2木定,
,2木房,
,2林分,3木分木,
,2木X,
,2女亘,
植,2木直,
,2木空,
椋,2木京,
妙,2女少,
,2木妾,
,2木虎,
,2亻品,
椁,2木享,
,2木宛,
,2林今,
吹,2口欠,
,2木服,
,2木,
棰,2木垂,
,2木念,
,2木夜,
,2木卷,
,2木炎,
,2户攵,
咽,2口因,
棣,2木隶,
复,4丿一日夂,
动,2云力,
惺,2忄星,
懒,2忄赖,
将,4爿肉寸,3丬夕寸,
彰,2章彡,
嗣,3口运,
},3占又木,
|,2木尾,
括,2才舌,
拉,2才立,
墚,2土梁,
条,2夂木,
攴,2卜又,
梗,2木更,
,2日,
村,2木寸,
偷,2亻俞,
梅,2木每,
梁,3氵V木,
,2尢重,
佼,2亻交,
樱,2木婴,
,2卉木,
桑,2木,4木又又又,
桎,2木至,
巡,2辶巛,
,2木存,
,2次木,
校,2木交,
,3干干木,
,2木正,
,2木兄,
,2木四,
,2木必,
柰,2木示,
,2木幼,
柝,2木拆,
,3木八口,
,2木召,
某,2甘木,
,2木付,
,2木央,
嗖,2口叟,
,2木冬,
妫,2女为,
,2木禾,
柄,2木丙,
,2木皮,
,2木卉,
,2世木,
,2木世,
,2台木,
],3大百百,
b,2女苗,
枰,2木平,
,2巾詹,
枝,2木支,
枚,2木攵,
怂,2从心,
,2木兮,
,2亻友,
戾,2户大,
杵,2木午,
,2才隶,
咖,2口加,
,2土,
,2才祭,
杜,2木土,
拦,2才兰,
佶,2亻吉,
m,2木大,
,2广余,
材,2木才,
伊,2亻尹,
杌,2木兀,
攵,3丿一V,
杈,2木叉,
,3一由日,
未,2一木,
木,2一小,
朔,2墼,
月,3冂一一,
曳,3曰U丿,
,2日景,
,2日,
暴,3日共水,2日恭,
,2日莫,
,3厂林日,
,2日z,
畅,4申弓丿丿,
,2日翁,
,2日臬,
,3立立日,
,2日差,
,2日南,
,2日者,
,2日英,
圻,2土斤,
丧,3土R□,
,2官心,
喔,2口屋,
昼,2尺旦,
},2日向,
|,2日亥,
摘,2才,
拳,3R夫手,2?手,
撼,2才感,
,2文子,
悍,2忄旱,
是,2曰疋,
春,3手T日,2?日,
旬,2勹日,
旦,2日一,
族,4方丿一矢,
旆,4方丿一,
斩,2车斤,
,2句斤,
斧,2父斤,
斜,2余斗,
,2土良,
斓,2文阑,
斋,2文而,
斌,2文武,
,4[丿],3厂尢,
,2源,
散,3井月攵,
敢,3B耳攵,
,2念攵,
敖,3土方攵,
岸,2山{,
救,2求攵,
愍,2心,
彩,2采彡,
,2忄,
懿,2壹恣,
放,2方攵,
改,2己攵,
慷,2忄康,
删,2册刂,
攥,2才纂,
摊,2才难,
|,2才,
攘,2才襄,
拢,2才龙,
攉,2才霍,
扰,2才尤,
岛,4勹丶勹山,
岌,2山及,
掷,3才掷郑,
峦,2亦山,
擘,2辟手,
,2口庸,
履,2尸,
,2才蜀,
,2扌着,
剂,2齐刂,
搅,2才觉,
,2才隋,
嗬,2口荷,
拨,2才发,
撞,2才童,
,2才景,
呵,2口可,
,4才日,2才,
撇,2才敝,
,2才强,
摹,2莫手,
,2才戚,
,2才犀,
,2才瓠,
,2才爽,
,2才鹿,
掼,2才贯,
,2才离,
,2才堂,
摔,2才率,
急,2刍心,
恙,2羊心,
咳,2口亥,
呐,2口内,
崞,2山享,
},2才,
捣,2才岛,
搔,2才蚤,
搐,2才畜,
搏,2才,3手甫寸,
揣,2才Z,
推,2才隹,
,2才朋,
掣,2制手,
,2才定,
排,2才非,
,3R夫弓,2?弓,
},2弓付,
},2山吾,
捶,2才垂,
,2山坎,
捕,2才甫,
,2才角,
捌,2才e,
,2才余,
,2才赤,
捆,2才困,
捅,2才甬,
,2才求,
定,2宀疋,
,2土辟,
,2才延,
挺,2才廷,
挹,2才邑,
,2才邦,
,2才局,
,2亻不,
娈,2亦女,
女,3?一丿,
实,2宀头,
,2才弟,
,2才更,
,2才孛,
挪,2才那,
挨,2才矣,
,2才衣,
,2彳,
境,2土竟,
按,2才安,
懋,2心,
拼,2才并,
,2共手,
扩,2才广,
拇,2才母,
抿,2才民,
押,2才甲,
抹,2才末,
抱,2扌包,
抖,2才斗,
投,2才殳,
抓,2才爪,
抑,2才n,
愆,2衍心,
,2口国,
勇,2甬力,
依,2亻衣,
,2口也,
,2口不,
,2口罅,
压,2厂M,3厂土丶,
,2土垂,
扳,2扌反,
,2白力,
呕,2口区,
吓,2口下,
叟,3臼丨又,
扦,2才千,
憾,2忄感,
扇,2跤,
户,2丶尸,
戗,2仓戈,
但,2亻旦,
戤,2盈戈,
戢,3口耳戈,
戡,2甚戈,
,2忄`,
塄,3土方,
戎,2十戈,3一十戈,
怼,2对心,
懂,2忄董,
埭,2土隶,
,2克寸,
,2亻台,
,2土危,
,2土童,
,2女正,
,2彳是,
哩,2口里,
,2忄耆,
,2宀怨,
,2勃心,
惝,2忄尚,
,2忄或,
,2忄金,
,2析心,
失,2丶夫,
,2襄力,
常,2尚巾,
,2女S,
宫,2宀吕,3宀口口,
咆,2口包,
弑,3杀式s,
恪,2忄各,
恧,2而心,
凛,2冫禀,
向,3丶冂口,
,2亻X,
善,4羊R一口,
契,3丰刀大,
,2巾者,
怒,2奴心,
微,4彳山兀攵,
,2彳令,
,2彳王,
,2亻囊,
彀,5士冖一弓殳,
云,2二厶,
弗,3弓丿丨,
弄,2王廾,
廿,2一凵,
庐,2广户,
廓,2广郭,
床,2广木,
,2巾屏,
哎,2口艾,
师,3丨丿,
伽,2亻加,
千,2丿十,
台,2厶口,
,2山,
,2山彦,
,2山律,
,2亻心,
太,2大丶,
,2女戎,
姝,2女朱,
奖,3丬夕大,
,3力力力,
叱,2口匕,
当,2小彐,
俪,2亻丽,
喑,2口音,
